,18,19.01,30.04,26.01,10,39.02,28.02,17.01,6,7.01,41.03,40.06,153,16,13.02,23,37.02,14.03,37.03,3.02,43.06,43.03,43.04,34.02,47,9.04,31.02,32.01,32.02,41.01,8,24.02,15,48.01,68.09,68.12,55.03,44.05,45.06,46.01,83.88,83.12,27.03,120.1,83.9,29.02,1.02,2.01,67.01,35,40.03,119.02,51.02,50.02,69.01,44.03,41.02,9801,45.05,83.89,120.01,9.02,38,29.01,26.02,36.03,43.01,43.02,53,83.87,19.02,4.02,14.02,11.01,13.01,30.01,37.01,42.01,83.06,70.06,83.05,36.02,33,40.02,41.06,32.03,70.13,45.03,68.04,68.1,156,83.91,39.01,30.03,31.01,40.05,120.14,11.02,9.03,9.05,50.01,24.03,21,154,68.14,7.02,41.04,20,3.01,3.03,2.02,4.01,5.02,30.02,70.88,70.89,52,44.04,155,83.86,68.11,119.03,83.04,55.02,45.04,46.02,157,42.02,17.02,14.01,5.01,51.04,46.03,70.37,28.01,27.01,40.04,34.01,9800,68.13,28.03,41.07,27.02,36.01
Astra Health Care,0.092444144,0.105244306,0.064075673,0.086915419,0.107746429,0.041837863,0.077426457,0.106280723,0.122237732,0.14292008,0.061388763,0.048868513,0.01792375,0.098699949,0.094555558,0.081006039,0.058651901,0.086054485,0.051504514,0.151720584,0.01956025,0.029542742,0.033690853,0.057157196,0.141068499,0.141180797,0.072379226,0.069492875,0.063905606,0.079673163,0.117886738,0.083495714,0.112465985,0.144409422,0.055112338,0.039404548,0.147471003,0.028618446,0.123100163,0.137520426,0.145960191,0.110540796,0.076784835,0.177923937,0.165214298,0.06781085,0.153602263,0.135575615,0.069386594,0.096251885,0.045310149,0.157714129,0.021589377,0.001139896,0.026245588,0.047158396,0.073728458,0.101734918,0.123740044,0.180849469,0.163524713,0.138835854,0.045066628,0.075110222,0.081125348,0.07048038,0.042766632,0.037815298,0.037155103,0.122664343,0.109625571,0.126032643,0.104774909,0.120717477,0.109348023,0.073233196,0.061932686,0.051379003,0.111478244,0.064281276,0.124356133,0.07949001,0.051340882,0.056132752,0.086520257,0.061464994,0.018556366,0.136943387,0.070267231,0.056823168,0.107658653,0.181277945,0.041853787,0.060607354,0.075752466,0.04519771,0.200017953,0.115865229,0.124885494,0.126927301,0.008754958,0.089348952,0.088666485,0.161196009,0.050772416,0.129917032,0.057240519,0.089767743,0.149647399,0.139227044,0.130878748,0.131744155,0.134196226,0.076281254,0.015804508,0.026665332,0.015174585,0.039980766,0.027496592,0.132030264,0.041984588,0.169579431,0.116095427,0.144224834,0.138121668,0.123495976,0.131104878,0.046360337,0.095817845,0.101094064,0.146232299,0.030467011,0.125268757,0.038265786,0.073471574,0.083192422,0.053407813,0.059206922,0.272726173,0.049287777,0.069963219,0.078084181,0.077380641,0.088721415
Clinica Tepeyac,0.058422818,0.059711898,0.12006542,0.04500585,0.077028988,0.104785401,0.07093074,0.037850014,0.049039472,0.077352023,0.063701659,0.121278496,0.103839488,0.026666053,0.087212613,0.037919373,0.061201836,0.107431203,0.06686312,0.064703568,0.101540776,0.089139799,0.092275119,0.093881401,0.128701526,0.083721425,0.049516967,0.056827518,0.059219266,0.05613101,0.063156864,0.040275845,0.00803695,0.142084566,0.165743415,0.149098156,0.164576058,0.119424331,0.099298932,0.115711531,0.195058981,0.156764023,0.053548117,0.183389797,0.22389069,0.087590681,0.053735201,0.025534155,0.176340363,0.029610149,0.140087114,0.149397899,0.11727336,0.118826985,0.135425927,0.101765954,0.075360995,0.129890579,0.093154246,0.23381896,0.163700039,0.092262205,0.078573561,0.084843622,0.046240641,0.048401176,0.07548968,0.081885544,0.125354677,0.166348566,0.048043539,0.040373278,0.106046724,0.024073223,0.090286132,0.102166857,0.056270085,0.06984266,0.148070142,0.182372749,0.157844228,0.042099361,0.069374817,0.133207722,0.11654512,0.069423473,0.136727105,0.106242707,0.182676868,0.172626331,0.119234529,0.242346666,0.091079694,0.107636929,0.044647276,0.113089788,0.192429259,0.031525807,0.083920972,0.073883357,0.110544878,0.03581205,0.074064451,0.057456338,0.168911383,0.066342206,0.080317229,0.053465494,0.055027591,0.052054904,0.026998155,0.035463939,0.058257928,0.115622972,0.126786247,0.132949684,0.125508207,0.106091339,0.108180913,0.171725003,0.158022268,0.152014817,0.144998442,0.153450535,0.100898061,0.109068951,0.135944229,0.085244289,0.044021784,0.098212853,0.070305105,0.1156032,0.122409251,0.143402384,0.065233865,0.05267082,0.155125707,0.079290555,0.30725073,0.166996148,0.073826305,0.093380004,0.059311437,0.029504852
CU Family Health Clinic Sheridan Campus,0.095475287,0.093302957,0.072827311,0.112139536,0.076135127,0.096203751,0.089387438,0.115055553,0.109790335,0.096930053,0.152544227,0.088734883,0.123375586,0.128176161,0.066992639,0.131471899,0.122390177,0.055657571,0.128310889,0.121278678,0.14221808,0.1267109,0.150313258,0.086340399,0.035316672,0.088115894,0.120492339,0.11194721,0.115836314,0.167046855,0.093351273,0.121445631,0.145083917,0.022471196,0.128979107,0.123835996,0.012285449,0.16376591,0.057128936,0.047817087,0.281134287,0.243473153,0.1089661,0.041166522,0.301823376,0.081482256,0.137088426,0.145852489,0.124984029,0.158698285,0.10384311,0.03218929,0.115492283,0.137852135,0.122837541,0.171759967,0.177361359,0.22781963,0.064306524,0.317185497,0.029050716,0.076312909,0.113563496,0.07833926,0.114896432,0.140631971,0.132862153,0.139763314,0.10238689,0.255719126,0.105614627,0.120826187,0.047428463,0.13281129,0.062737941,0.068144707,0.13207813,0.144607622,0.241682857,0.170481196,0.254638903,0.149625979,0.119272195,0.08589536,0.210891575,0.104016842,0.142336982,0.058543228,0.13935924,0.144868086,0.035613081,0.31803391,0.103602367,0.077270281,0.12502064,0.091569575,0.064429659,0.123443592,0.07509293,0.087172614,0.130733705,0.122393692,0.081083461,0.144610116,0.15669967,0.097258686,0.165575726,0.101395579,0.129843196,0.120667168,0.138415869,0.13054228,0.109230039,0.060917454,0.152200859,0.162969224,0.125974085,0.167868551,0.109888445,0.264595344,0.139764852,0.046721773,0.244127877,0.009587707,0.065793887,0.046268162,0.018141119,0.158291107,0.109579879,0.05532755,0.108304135,0.106413031,0.03167699,0.173590855,0.097851622,0.105364579,0.111875477,0.095700338,0.407693519,0.164653967,0.091671541,0.192725692,0.101578579,0.14106224
Denver Osteopathic Clinic,0.053981488,0.050521476,0.060333669,0.071297315,0.033269998,0.074867046,0.051803346,0.072352926,0.067127209,0.058370261,0.117235997,0.07546967,0.100015277,0.086213336,0.02762279,0.091747906,0.086897777,0.031634613,0.094335268,0.081660504,0.116387275,0.098645944,0.12129892,0.059621336,0.025387835,0.0503763,0.082111589,0.074376929,0.079376568,0.129526723,0.050697214,0.081162117,0.102569592,0.034075689,0.126548332,0.116283683,0.05443713,0.139970786,0.016959031,0.022022655,0.253919445,0.214909477,0.069940436,0.075375677,0.277118878,0.050501567,0.096229309,0.103077383,0.12765704,0.118144261,0.096704134,0.045101467,0.097536852,0.117561082,0.110415943,0.14255167,0.142141307,0.1961618,0.023736514,0.291484448,0.056376194,0.039902475,0.082548006,0.044635021,0.074964426,0.102943021,0.100914853,0.109059621,0.089260336,0.226975279,0.062734456,0.078147025,0.011671493,0.089904314,0.019908074,0.043469979,0.095789743,0.110916924,0.211494615,0.163993555,0.22417462,0.110867899,0.085757385,0.078884893,0.179227765,0.069264277,0.126987378,0.026316987,0.140660447,0.14115042,0.017091831,0.294262891,0.076663332,0.057340745,0.08603133,0.07417814,0.090434646,0.080543391,0.034089176,0.045860767,0.10876331,0.081314438,0.041236556,0.104155207,0.148978399,0.055860862,0.132475347,0.060205235,0.089034964,0.079128716,0.095614733,0.08793512,0.067740716,0.045557504,0.132188289,0.142982475,0.109535442,0.140166281,0.089140049,0.235322015,0.132072815,0.054384156,0.212808847,0.04338062,0.031725323,0.008698411,0.025780312,0.126909284,0.06760422,0.016700609,0.06907314,0.088828087,0.012619955,0.154685564,0.060337345,0.065203012,0.109305771,0.063492896,0.37906385,0.154561404,0.056231992,0.159042019,0.062763658,0.100583518
Family Medicine Clinic for Health Equity,0.153182341,0.166147168,0.122921574,0.144886367,0.170051451,0.103827451,0.139327851,0.163889023,0.181260843,0.204151383,0.10338797,0.106740844,0.0802394,0.153058153,0.15725626,0.133732757,0.114783421,0.147765668,0.105934429,0.210612036,0.069837911,0.087749453,0.075280531,0.119797809,0.202964909,0.203033683,0.128504075,0.127977303,0.121699691,0.115646817,0.178870146,0.139250036,0.16302397,0.205208425,0.079212614,0.074985126,0.204964165,0.047891918,0.185800459,0.200028183,0.103712975,0.080613445,0.135636188,0.235976799,0.114645228,0.130514825,0.210088738,0.188385716,0.092726667,0.139739486,0.093028534,0.218669932,0.081397224,0.061578658,0.07255215,0.067202414,0.100295548,0.08929808,0.186407168,0.131569562,0.223131293,0.201256728,0.105295716,0.13779404,0.138540568,0.119354627,0.095892559,0.0874816,0.09286698,0.089989525,0.168932809,0.183414183,0.167023727,0.175289432,0.172045641,0.13526885,0.114329667,0.097619705,0.088154733,0.047273109,0.098072784,0.124941161,0.109113215,0.109810898,0.082622803,0.122185928,0.0529133,0.199643683,0.083096224,0.066951478,0.168848615,0.128047086,0.104406863,0.121907183,0.130481476,0.105458276,0.259434099,0.172186805,0.187243053,0.188583917,0.071014294,0.144919627,0.150926843,0.217017478,0.049855546,0.190739486,0.088686797,0.149692755,0.207069267,0.197413286,0.185001042,0.187645161,0.19377261,0.136576666,0.047402656,0.037384577,0.069826664,0.061421935,0.089580742,0.099140457,0.061769966,0.231103288,0.096124728,0.203392927,0.200797143,0.185978761,0.19168004,0.081913091,0.154290466,0.163661119,0.206460587,0.090376897,0.186962426,0.025325541,0.134483945,0.142568492,0.090845456,0.121377279,0.225775803,0.038701833,0.131959056,0.091502376,0.137617644,0.138495574
Federico Pena Family Health Center,0.048487243,0.04383472,0.063905242,0.066012799,0.026519213,0.076051906,0.04851717,0.065693688,0.059640847,0.050801618,0.113849753,0.078368732,0.100186005,0.080146357,0.024620247,0.08685813,0.083747307,0.03468292,0.091610262,0.073940616,0.115729698,0.097629113,0.119758159,0.059920167,0.028099203,0.042980145,0.077900238,0.070605963,0.075973144,0.125299958,0.043198249,0.076086629,0.096034769,0.039185624,0.130448443,0.119453044,0.061439653,0.139585755,0.009772276,0.020558812,0.252220116,0.212981883,0.065596175,0.08078177,0.275958967,0.049875584,0.088469695,0.095676494,0.132313633,0.112732992,0.100235613,0.048886618,0.098982018,0.118203864,0.112777888,0.140788477,0.138632332,0.193483145,0.01613681,0.290066517,0.061404994,0.032932261,0.08094517,0.04331283,0.070122828,0.098817053,0.098751153,0.10717056,0.091849713,0.224967256,0.055789163,0.07067366,0.014723504,0.082793014,0.013586562,0.045213809,0.092249173,0.108107273,0.209160813,0.166916153,0.221732938,0.106268576,0.083303617,0.082815288,0.176607964,0.066682567,0.128570932,0.021479306,0.145004497,0.144707918,0.02404531,0.293281031,0.076370276,0.059487298,0.081517594,0.076273156,0.094202166,0.073493454,0.026347265,0.038100435,0.1091359,0.075815876,0.037114146,0.096395564,0.151793479,0.0481056,0.129679828,0.054832514,0.081274515,0.071391356,0.088237688,0.080424742,0.059995168,0.049366777,0.132735891,0.143439768,0.111111561,0.138815008,0.090122431,0.233158389,0.135042025,0.056494261,0.210171515,0.049939555,0.025739195,0.007049376,0.032591837,0.124659207,0.061628012,0.015982554,0.061399521,0.090519271,0.01890727,0.155287041,0.056852695,0.060360274,0.113386513,0.061955487,0.376832696,0.156908336,0.053730288,0.155927322,0.058634681,0.095284155
Gipson Eastside Family Health Center,0.032561258,0.040417931,0.086667654,0.01512864,0.05580949,0.070844201,0.039661514,0.025055849,0.043859062,0.072595609,0.044136686,0.087323542,0.071981265,0.011159352,0.060201791,0.009022894,0.029111648,0.077069054,0.036663928,0.071080077,0.073177589,0.058177009,0.066928126,0.060219771,0.108549069,0.07569738,0.01597566,0.02286764,0.025601238,0.047797906,0.049964524,0.006569031,0.026611311,0.120175993,0.132542276,0.116047489,0.139367347,0.094139902,0.079556629,0.097266001,0.186506388,0.146874989,0.020444511,0.161713263,0.213640623,0.054884925,0.068252577,0.047858477,0.142708629,0.031728668,0.10626349,0.129594398,0.084309321,0.088484993,0.10267299,0.08166186,0.064997845,0.122758785,0.074949158,0.225496638,0.142442898,0.080384109,0.045420688,0.053289227,0.01321209,0.025332691,0.046447304,0.054483156,0.091571186,0.157835148,0.03437249,0.042654571,0.079778302,0.033453415,0.067503846,0.070063187,0.027623465,0.045441743,0.140249789,0.151885788,0.151683841,0.027737562,0.036886754,0.09928912,0.107045873,0.035482019,0.105971071,0.089818684,0.149531372,0.140239802,0.092055357,0.231906027,0.057289691,0.074200363,0.011964858,0.079124398,0.174493785,0.030716706,0.068380039,0.062136308,0.079525939,0.005513633,0.046112669,0.075073058,0.137833644,0.058789791,0.062733458,0.0262347,0.065775514,0.05721849,0.043423825,0.045755892,0.056740746,0.08344755,0.098284334,0.105871652,0.093337486,0.083927295,0.074862048,0.164678229,0.125874023,0.135050639,0.139162117,0.129408392,0.0862825,0.087555212,0.111774008,0.063636174,0.020916286,0.071906298,0.070441511,0.08203439,0.099034585,0.117205637,0.032641197,0.021955164,0.121391519,0.045496858,0.305803111,0.136999003,0.041076748,0.083957971,0.027193031,0.014250794
Kaiser Permanente Skyline,0.030087024,0.040375277,0.077943609,0.013362477,0.05387473,0.061437461,0.033051139,0.029838888,0.048291932,0.075544864,0.040547395,0.078039593,0.062871928,0.0198443,0.055416117,0.00943058,0.020350817,0.070222828,0.028652889,0.076811768,0.065196749,0.049436613,0.060117155,0.051348519,0.105681697,0.077599121,0.006642197,0.013683374,0.016137907,0.048012914,0.051461295,0.00470693,0.036084297,0.116522377,0.123084841,0.106613539,0.134299755,0.086965854,0.077378003,0.095193538,0.183629012,0.143883738,0.01319063,0.157832188,0.210156828,0.046849281,0.075625234,0.056797321,0.133224563,0.037022606,0.096797889,0.126616221,0.07490518,0.079758008,0.093295881,0.076380438,0.063477834,0.120827232,0.073478094,0.222509902,0.138836223,0.080943918,0.036028405,0.046089289,0.007692588,0.022494742,0.038663999,0.04717112,0.082096942,0.155153117,0.037230352,0.048961616,0.074889978,0.04177435,0.064441173,0.06228683,0.021083572,0.039727568,0.137920069,0.14297361,0.149727819,0.028540274,0.027778575,0.090071178,0.10464446,0.026301764,0.097069622,0.088610936,0.140078044,0.130911385,0.086575463,0.228302349,0.047812951,0.065480947,0.004691981,0.069791188,0.171834999,0.037665847,0.068099883,0.063414194,0.070634996,0.010480464,0.041364778,0.082810836,0.128795144,0.061537472,0.058863195,0.023778883,0.072548878,0.063223802,0.051924887,0.053303416,0.061240703,0.075531727,0.090065548,0.098044212,0.084096484,0.077913051,0.065404292,0.162366417,0.116602874,0.133005189,0.137416748,0.12486247,0.08577948,0.084512355,0.107335875,0.058281153,0.022253778,0.067157372,0.074753731,0.072551365,0.095066184,0.109580322,0.025195772,0.017396815,0.11191269,0.036537352,0.304507155,0.128232832,0.033225881,0.08207018,0.020549599,0.019710467
La Casa/Quigg Newton Family Health Center,0.049486643,0.046566886,0.116011111,0.041702973,0.063273484,0.104815407,0.065264413,0.026527078,0.030952294,0.057545529,0.077046271,0.119961045,0.109107335,0.026412849,0.076535823,0.044884669,0.066447864,0.098913741,0.074003319,0.044188804,0.110388547,0.095550656,0.103196822,0.091310325,0.112569238,0.064468466,0.052879791,0.0576854,0.062023437,0.073217854,0.046676022,0.041870341,0.018207273,0.126582317,0.168271201,0.152065856,0.150654128,0.130582172,0.083700309,0.099081616,0.213623645,0.174834829,0.052076303,0.167310111,0.242075535,0.082971585,0.034598641,0.010592027,0.177499138,0.047551115,0.14060249,0.132800921,0.120626969,0.125870137,0.13908622,0.115628973,0.092452146,0.148529828,0.077065937,0.252530927,0.147602997,0.073837471,0.08197126,0.078642695,0.045697813,0.059375815,0.083655445,0.091339392,0.126227764,0.184827752,0.033949045,0.020887272,0.094018501,0.006691442,0.076653758,0.096019786,0.064464625,0.080984296,0.16664312,0.189202435,0.176848189,0.0561899,0.07402376,0.131234336,0.134470282,0.069299217,0.143290717,0.089015857,0.185274591,0.176814375,0.107494471,0.260515655,0.092419276,0.103967003,0.049356852,0.112296301,0.174710037,0.016127232,0.067083094,0.056103684,0.116847161,0.036093407,0.064989693,0.039760364,0.175038402,0.047606534,0.094955388,0.046320338,0.034906503,0.031507993,0.007113093,0.01489094,0.038405065,0.109204002,0.135581834,0.142905253,0.130220297,0.118973707,0.110808796,0.190580961,0.162652355,0.134265247,0.164017261,0.138953322,0.083141739,0.094048725,0.121796507,0.098153714,0.036445372,0.086500666,0.049913169,0.117434399,0.10806695,0.154034437,0.061772859,0.04850146,0.155979214,0.077775759,0.32733394,0.174380205,0.069997512,0.111072263,0.055759924,0.040693584
Lowry Family Health Center,0.110099117,0.122908609,0.100518148,0.098835109,0.130193358,0.075707493,0.099294049,0.116936691,0.135184174,0.160643091,0.052455763,0.08647615,0.048567299,0.104308238,0.120906826,0.084767574,0.068862748,0.118168417,0.059573546,0.163912519,0.029867843,0.047502513,0.027288245,0.08713134,0.171381214,0.160932435,0.081709691,0.083222088,0.076671981,0.064378928,0.135428962,0.091727627,0.112646538,0.176830866,0.08837846,0.075092154,0.183135294,0.011417453,0.149422763,0.16560292,0.109275321,0.072253015,0.090848563,0.212871243,0.131124866,0.095553973,0.161569106,0.138405288,0.10349778,0.088460608,0.084171958,0.189697624,0.05975155,0.038243097,0.063912133,0.01636294,0.050143487,0.06300346,0.148496967,0.145828599,0.197208651,0.161184782,0.064624574,0.101821044,0.092268144,0.069452789,0.04985938,0.040751236,0.075880641,0.084482814,0.123443973,0.135871094,0.134795157,0.126204476,0.135114598,0.105052411,0.066114382,0.048055326,0.072523578,0.080001466,0.085449429,0.07405626,0.065106648,0.09481824,0.048588402,0.080700878,0.047472425,0.162972877,0.10063841,0.084573752,0.140156515,0.148217202,0.06964332,0.094589539,0.082682773,0.081352142,0.233545405,0.124127214,0.147165532,0.146277945,0.042223596,0.097081202,0.111547496,0.168049485,0.071903162,0.146763174,0.037376686,0.105555163,0.159201222,0.150273022,0.13557116,0.139067857,0.148049608,0.11096479,0.0293326,0.02570518,0.053912396,0.010099969,0.06258801,0.093687726,0.071521454,0.200356455,0.077080595,0.17859504,0.162710906,0.152009278,0.164069223,0.030919513,0.108371114,0.129666004,0.161326846,0.067892412,0.156376246,0.030876692,0.092723603,0.098044171,0.090702097,0.083292183,0.235899464,0.064429755,0.092602693,0.045990964,0.094439219,0.088312051
Sam Sandos Westside Health Center,0.028717542,0.015752553,0.087011628,0.041483178,0.019964455,0.086743508,0.043646392,0.030160642,0.017905707,0.022324557,0.095305459,0.096731769,0.102777424,0.04745658,0.038088298,0.061556802,0.069931353,0.061972558,0.079211305,0.036366561,0.112493981,0.094154078,0.111347845,0.069508836,0.06393433,0.022843966,0.058397529,0.05540342,0.061959284,0.101027499,0.003309538,0.051051988,0.05907109,0.078083892,0.149966559,0.135826,0.103021451,0.136253885,0.035413787,0.050454257,0.238374532,0.198621816,0.047851977,0.118664251,0.264683855,0.058098971,0.047808464,0.053992617,0.155596064,0.08199062,0.119587287,0.084192762,0.108220705,0.121723489,0.125511987,0.129807335,0.117863891,0.175469371,0.028547978,0.277223516,0.098958329,0.027600448,0.076531242,0.050966528,0.04786555,0.077104879,0.088746355,0.097863719,0.10736989,0.209922227,0.019345301,0.028866064,0.0503567,0.042706321,0.031451915,0.064857632,0.074876895,0.093428803,0.192667389,0.180025233,0.204392885,0.080966354,0.07368457,0.105397685,0.159390361,0.059644597,0.13632944,0.040626377,0.166250486,0.161902218,0.063515615,0.28274819,0.079701726,0.077359191,0.059436937,0.091212393,0.126778032,0.034160237,0.018451268,0.008953869,0.111951016,0.047811437,0.034333921,0.056135059,0.164862956,0.009678159,0.113495898,0.033084325,0.040899409,0.030092299,0.046688576,0.038445608,0.019260556,0.075697378,0.13480494,0.144444157,0.119989745,0.13022958,0.097964748,0.217116765,0.149611301,0.086367037,0.191998915,0.090955727,0.035317038,0.046077845,0.07422999,0.111907679,0.032734777,0.044141687,0.026801092,0.101825881,0.060505253,0.156510051,0.047372168,0.040647787,0.134609243,0.061927229,0.358899556,0.167329675,0.051109137,0.136658601,0.044422776,0.066416962
Stout Street Health Center,0.022500559,0.028833842,0.083442233,0.00796951,0.044800947,0.070869209,0.033612327,0.014436118,0.033052588,0.061127409,0.054991314,0.086274999,0.076317869,0.010741361,0.051196985,0.020270631,0.035080527,0.070225642,0.043820385,0.061396617,0.080186649,0.063742522,0.075518522,0.057906125,0.097726953,0.063974548,0.02125204,0.024049154,0.029146546,0.059587444,0.038173703,0.010819927,0.02931648,0.109789809,0.134359869,0.118237898,0.130027003,0.102282682,0.06849569,0.086091587,0.197824684,0.158138059,0.018107009,0.151386229,0.224724143,0.050598173,0.060720763,0.044484474,0.143534113,0.042413658,0.10665567,0.118780201,0.086980922,0.093903711,0.10544356,0.091630887,0.07660414,0.134329763,0.063609481,0.236784201,0.131971625,0.068597437,0.048737069,0.047517687,0.012035287,0.036316099,0.05386907,0.062504961,0.092257954,0.16921101,0.022747878,0.033663555,0.070599511,0.028473651,0.057018127,0.064885063,0.036461205,0.055024747,0.15172621,0.156606403,0.163261271,0.039524915,0.041739779,0.097772769,0.118481905,0.03533282,0.110833823,0.078343784,0.151357144,0.143204154,0.083352728,0.242938939,0.058504363,0.071136096,0.01989748,0.078474194,0.1634555,0.022828617,0.056716984,0.050343205,0.084534536,0.006381659,0.037443687,0.068170725,0.142152852,0.047229665,0.073524121,0.016684272,0.057330638,0.047829242,0.038662184,0.038700528,0.046016341,0.078332491,0.104800688,0.113065078,0.096969621,0.093305392,0.077034425,0.17616886,0.129214706,0.123792071,0.150781639,0.119648839,0.074631393,0.076914952,0.101991918,0.073528573,0.009310174,0.062685627,0.059620646,0.08351324,0.08894965,0.124702652,0.028506191,0.015463835,0.122020374,0.043966089,0.317525421,0.142179377,0.037025565,0.095509357,0.022454971,0.025535414
Denver Health,0.005307145,0.017998844,0.063118057,0.017337197,0.026269713,0.056072658,0.012634474,0.026913479,0.036788379,0.055953065,0.066292238,0.068934995,0.069405196,0.034396343,0.02781363,0.037562805,0.037924367,0.046764652,0.046957689,0.065551413,0.078945914,0.060545068,0.078541731,0.040120119,0.077263266,0.055372309,0.029138672,0.023382971,0.029731034,0.076197648,0.030700038,0.02693937,0.05266246,0.088190006,0.120458063,0.105333358,0.106963146,0.102817669,0.049242406,0.067032251,0.208121461,0.168430689,0.016871837,0.129604227,0.233545505,0.030314311,0.07099641,0.062877582,0.127838135,0.064064616,0.09096971,0.098188359,0.076082358,0.088285928,0.093974651,0.097895587,0.090535453,0.146909359,0.045916658,0.246682065,0.110500491,0.055940198,0.042902689,0.025418723,0.020800994,0.049949826,0.055995838,0.0650916,0.077520122,0.180075533,0.02447063,0.043771583,0.047377563,0.046730804,0.036031572,0.042786301,0.044747036,0.062386019,0.163416597,0.147806561,0.175615427,0.056959779,0.040534937,0.079392698,0.130315955,0.026019603,0.103360949,0.061113316,0.137201146,0.13119598,0.05983218,0.251405993,0.047016267,0.05142257,0.032301199,0.062095484,0.143421389,0.03807076,0.042176524,0.040735606,0.078514415,0.027612946,0.013806727,0.07932814,0.132781479,0.042675206,0.083474367,0.007240153,0.065637708,0.054414836,0.055864219,0.052263192,0.04756433,0.056025011,0.101210366,0.110815775,0.087487001,0.097651755,0.06575416,0.187752549,0.118185579,0.104772865,0.163605338,0.097027337,0.059087393,0.056087926,0.079409343,0.080392425,0.017080638,0.039496117,0.059032577,0.070563567,0.066840558,0.12288171,0.013798595,0.011034635,0.106367296,0.029448923,0.330789136,0.134594459,0.019138911,0.108551339,0.011278486,0.046445954
Kindred Hospital Denver,0.035113523,0.046169165,0.07655455,0.019455734,0.058745072,0.058279607,0.035126443,0.036531936,0.054954307,0.081960773,0.034468198,0.075310012,0.057433769,0.02567845,0.058561604,0.009716039,0.014493137,0.071414905,0.02221903,0.083503483,0.058801938,0.04353614,0.053442458,0.049883798,0.109750431,0.083766317,0.004035365,0.013009544,0.01249459,0.043611452,0.057619198,0.011342131,0.040417063,0.120072712,0.118592862,0.101990429,0.136795048,0.080348945,0.081948952,0.099739716,0.177467169,0.137711221,0.016094828,0.161141233,0.203819689,0.046886127,0.082122032,0.062498975,0.129186648,0.036355336,0.093116719,0.130560907,0.070180248,0.073846546,0.088444953,0.069756828,0.058036162,0.115035216,0.078422076,0.216302041,0.142361959,0.086687675,0.031392618,0.04720173,0.013104092,0.017243185,0.032161753,0.040555214,0.07834882,0.149067171,0.043750427,0.055608994,0.077771376,0.047889432,0.068614233,0.062473548,0.014413944,0.03309546,0.131964513,0.137250287,0.143892637,0.025118229,0.022419463,0.087505739,0.098708575,0.024605044,0.091336579,0.093608962,0.13554654,0.125888695,0.088915405,0.221931506,0.04418201,0.064182494,0.002680711,0.066920206,0.175889791,0.044202792,0.073585857,0.069453351,0.06489304,0.01693501,0.044770631,0.089207464,0.12322933,0.067943946,0.052575433,0.029034578,0.0791591,0.069903137,0.057955091,0.059732858,0.067894791,0.075423114,0.083797076,0.091603854,0.078888206,0.071224939,0.060996759,0.156396237,0.111443821,0.137463942,0.131672708,0.127775593,0.091098649,0.088564974,0.110381463,0.051665622,0.028684137,0.070204825,0.081379398,0.068450841,0.098486051,0.103076339,0.026705565,0.021966197,0.108039813,0.035125154,0.298843112,0.122359742,0.03385351,0.076383511,0.023252463,0.020398581
National Jewish Health,0.054059514,0.06648435,0.072869418,0.041547745,0.076076423,0.04934648,0.046971728,0.059752515,0.077882049,0.103732163,0.020467569,0.06673442,0.038756903,0.048511746,0.070926949,0.029585718,0.012252277,0.076906392,0.004106928,0.106739676,0.035983767,0.023511189,0.03015408,0.048417079,0.123281767,0.104624156,0.024405465,0.026863282,0.020446776,0.037976065,0.078733185,0.03470779,0.060638026,0.131699041,0.102020114,0.08520907,0.144577001,0.056971712,0.097679413,0.115018537,0.158056804,0.118431452,0.034170802,0.171403792,0.183375282,0.050947994,0.105431671,0.084672349,0.114110348,0.045822087,0.080125119,0.143359958,0.05394767,0.0526595,0.071090289,0.047882714,0.044976644,0.098041003,0.095401582,0.196537227,0.153582316,0.106082522,0.021049894,0.054571399,0.034971264,0.018961865,0.009357309,0.017185521,0.065669849,0.130195562,0.066173266,0.078978379,0.088345713,0.07080145,0.083530632,0.065299398,0.010037686,0.012666546,0.113915375,0.116210121,0.12637475,0.029194992,0.013172673,0.078931309,0.081179242,0.029039978,0.070583445,0.110465423,0.118625123,0.107320959,0.097321261,0.201264226,0.035191743,0.061721751,0.025833068,0.058363074,0.188619059,0.067559766,0.092352031,0.090029401,0.044583882,0.040294458,0.058906576,0.112399344,0.10278922,0.089768814,0.034242999,0.048930714,0.102538465,0.093220982,0.080692545,0.082990494,0.090742205,0.076313769,0.061242259,0.068532418,0.060374509,0.048439073,0.046640993,0.138095617,0.092541277,0.151935774,0.114732055,0.137125316,0.109040079,0.102490825,0.120509033,0.030217058,0.051078507,0.081634385,0.104043161,0.054884498,0.110121835,0.079849948,0.038935965,0.041350302,0.093934537,0.036738428,0.281572693,0.100897635,0.042052753,0.060857292,0.03895492,0.036686476
Ninth Avenue Internal Medicine,0.061543497,0.074364855,0.068391855,0.051064335,0.08207995,0.043309934,0.051584319,0.069903511,0.087547706,0.112179745,0.025790288,0.060042317,0.028049172,0.059710608,0.074519971,0.041099002,0.020841764,0.076857005,0.011977407,0.116741592,0.024627612,0.012804052,0.021436926,0.046452319,0.126433229,0.112377453,0.034502459,0.034776484,0.028261737,0.044895304,0.086919011,0.045331058,0.072279395,0.133722189,0.091361999,0.074579372,0.144446082,0.046761312,0.102391365,0.1192382,0.153119134,0.113874048,0.042453019,0.172361518,0.177399668,0.051568579,0.116253764,0.096135685,0.103899632,0.056599113,0.071044265,0.145907988,0.043950455,0.041028381,0.0603749,0.041727918,0.04734042,0.095631409,0.10084825,0.191139986,0.155184103,0.112842178,0.01895646,0.056534565,0.044624159,0.030185189,0.002359637,0.008122455,0.057020292,0.125895711,0.075459627,0.089413478,0.090519127,0.081994597,0.088072874,0.064402613,0.021658094,0.014972148,0.110453565,0.104560966,0.123213306,0.03979493,0.016625803,0.071888967,0.078658692,0.032843993,0.058976814,0.115640386,0.107792947,0.096068387,0.098182806,0.195025697,0.030524039,0.058340671,0.036767277,0.052018302,0.190827328,0.078291906,0.098881424,0.097723046,0.033152089,0.051074307,0.063856259,0.123391143,0.0911908,0.098357327,0.033414146,0.057075762,0.113080589,0.103436819,0.091976509,0.093905815,0.100249996,0.073992344,0.049762411,0.057423779,0.049358791,0.040629178,0.03782667,0.134212841,0.081244105,0.155353351,0.11213766,0.137883588,0.114871521,0.106139494,0.121870886,0.025982432,0.060557432,0.0844194,0.113293667,0.046133424,0.112426509,0.068964535,0.044464238,0.049614814,0.084225921,0.03773122,0.277956061,0.089246274,0.045480504,0.060552068,0.045893761,0.048320422
Porter Adventist Hospital,0.063344855,0.070371472,0.010100431,0.073337951,0.060676606,0.032866764,0.047656068,0.086201305,0.092084223,0.098070215,0.096705229,0.026184327,0.059932068,0.091683392,0.042308936,0.086125103,0.069266609,0.020029073,0.072356119,0.116613411,0.079183003,0.065194567,0.088586357,0.028098014,0.072024,0.092409619,0.073198358,0.064239677,0.065269796,0.113920597,0.079058308,0.079126395,0.110349279,0.072628791,0.076120532,0.066029211,0.074716901,0.100093597,0.06328841,0.072438997,0.217686731,0.180506149,0.06526558,0.104924788,0.238070461,0.030824135,0.126540253,0.122148078,0.078187168,0.113301651,0.04625201,0.086134466,0.051925632,0.074129976,0.061525013,0.109700126,0.120329055,0.166480353,0.067269035,0.253480921,0.090698394,0.085022318,0.055497851,0.033967711,0.072580103,0.089576344,0.074201082,0.079592597,0.040288474,0.192761768,0.081644227,0.101245188,0.03972637,0.106074793,0.05367593,0.016590226,0.079243667,0.087150831,0.179395793,0.113858947,0.19240657,0.100095563,0.06359524,0.028446984,0.149748681,0.052516204,0.07985546,0.075854504,0.09063716,0.090668033,0.037078966,0.2542853,0.042794141,0.014919502,0.078551703,0.027836451,0.12715538,0.097257146,0.073704963,0.081776339,0.067013405,0.082711954,0.048763686,0.135032056,0.099000285,0.089508739,0.106573256,0.066343633,0.120167451,0.10882022,0.115011982,0.110518302,0.099131199,0.005045314,0.088557468,0.099371124,0.062907102,0.105159536,0.046176788,0.201793157,0.081969834,0.099049567,0.182432381,0.071232415,0.079789096,0.058990035,0.059045553,0.097986889,0.076281351,0.040530157,0.10621092,0.042813725,0.055827937,0.110238417,0.053197017,0.065701783,0.058993439,0.04207897,0.344389285,0.105269764,0.04465089,0.133557031,0.059027701,0.096929874
Saint Joseph Hospital,0.029017986,0.039492401,0.076797937,0.012546406,0.052797974,0.06050508,0.031770845,0.029594366,0.04791656,0.074929153,0.041287658,0.077038082,0.062405085,0.02035595,0.054169846,0.010704294,0.020122079,0.068946154,0.028634024,0.07658468,0.065111771,0.049134608,0.060306558,0.050224031,0.104514192,0.076858626,0.006247139,0.012615264,0.015449995,0.0491001,0.050711941,0.004874169,0.036948157,0.115310577,0.122359233,0.105920037,0.133034087,0.087055551,0.076264824,0.094080242,0.184356974,0.144606195,0.011910578,0.156606009,0.210807415,0.045617926,0.07569403,0.05727687,0.132408205,0.038302811,0.09592841,0.125438473,0.074247305,0.0794383,0.092658371,0.076823791,0.064400754,0.12167415,0.07241981,0.223219906,0.137624087,0.08005981,0.035400168,0.044817168,0.006604813,0.023411259,0.038672387,0.047274138,0.081244529,0.155908924,0.036685345,0.048871855,0.073634815,0.042099788,0.063277042,0.061041964,0.021469311,0.040162165,0.138719418,0.142570099,0.150564359,0.029707395,0.027355836,0.089044262,0.105447543,0.025247652,0.09667907,0.087564866,0.139357581,0.130305642,0.08530339,0.22893568,0.046969288,0.064332458,0.005450051,0.068812685,0.170670638,0.037721945,0.067147096,0.062621149,0.070258827,0.010727271,0.04012796,0.082951647,0.128342058,0.060914772,0.059529125,0.022742987,0.072504761,0.063057366,0.052278658,0.053434557,0.060847968,0.074297977,0.089899693,0.097977907,0.083552438,0.078233398,0.064684795,0.163162205,0.116035177,0.131884532,0.138277996,0.123612798,0.084793674,0.083340318,0.10609167,0.058734137,0.021636827,0.065908688,0.074316897,0.071766857,0.093843115,0.109558278,0.02392327,0.016230997,0.11107141,0.035426086,0.305394289,0.127885367,0.031975843,0.08294037,0.019271903,0.020978641
Ball Arena,0.021359272,0.015519365,0.08878471,0.024555098,0.032377043,0.082146415,0.038914904,0.008740991,0.011965015,0.039476732,0.076731869,0.095227001,0.092938396,0.026145595,0.045801068,0.041924128,0.054775733,0.068856981,0.063944616,0.04140358,0.099459967,0.08198294,0.096134206,0.066421282,0.083425212,0.042956215,0.041637275,0.041369845,0.047597134,0.080607573,0.018514416,0.032339729,0.038209117,0.096863668,0.146581814,0.131241265,0.120032422,0.12236015,0.054027266,0.070531502,0.219539452,0.17986617,0.033792824,0.13811472,0.246469006,0.056410174,0.044802145,0.03908176,0.15413475,0.060611102,0.117247384,0.104161991,0.101299682,0.111374999,0.119474543,0.113040782,0.098111903,0.155875981,0.047904937,0.258508875,0.118422154,0.04904179,0.065360457,0.050798687,0.031085323,0.058057477,0.073923804,0.082847844,0.103677022,0.190902755,0.002903166,0.017495555,0.062965358,0.024432738,0.045777469,0.067578854,0.057688715,0.076379901,0.173359143,0.172587556,0.184799237,0.060640456,0.060216327,0.105552421,0.140139525,0.049413842,0.127430005,0.0613852,0.163380791,0.156956835,0.07644479,0.264680338,0.072095511,0.077423758,0.041319,0.088378232,0.147585962,0.014983576,0.039029304,0.030326401,0.101716537,0.028014995,0.035417002,0.053075307,0.157734945,0.025722517,0.095249244,0.021256213,0.039782748,0.028903162,0.031633665,0.026427803,0.024712529,0.080271356,0.123310586,0.132191312,0.112282953,0.114365196,0.091009759,0.197791688,0.143645039,0.10729404,0.172263908,0.108583681,0.0565486,0.063923814,0.091231073,0.094946444,0.015041485,0.055474867,0.038097687,0.096338346,0.077568099,0.144054904,0.038561174,0.027241549,0.132654296,0.055090466,0.338766697,0.158844247,0.045283095,0.117076818,0.033522373,0.04550537
COVID Drive Up,0.101102508,0.113244842,0.056642439,0.099020815,0.112476147,0.041913185,0.084374797,0.118058875,0.132257238,0.149581526,0.081687913,0.040435862,0.030972194,0.113058052,0.096921833,0.096918515,0.073718324,0.083295031,0.068168137,0.161336149,0.04092935,0.046078912,0.055210473,0.059380311,0.138123734,0.146596829,0.086632796,0.081931775,0.077318602,0.100416487,0.12544138,0.097497349,0.128424374,0.139216993,0.033677034,0.017713099,0.138219521,0.047022704,0.124246876,0.13673042,0.160458337,0.127268333,0.088473483,0.169223453,0.177164503,0.070966971,0.165301877,0.149928,0.047714751,0.115094854,0.027754987,0.152731409,0.019726677,0.02191657,0.006205348,0.068345463,0.095346712,0.121241503,0.126119506,0.1934255,0.156561983,0.142540603,0.057370974,0.078506242,0.093959607,0.088523196,0.060836494,0.057629981,0.026359072,0.13911407,0.119641694,0.13751669,0.103291782,0.134351879,0.111474841,0.07172062,0.07894808,0.071205799,0.129507518,0.052118054,0.142140575,0.09828587,0.065692564,0.043186957,0.106715194,0.071650164,0.01424055,0.137904584,0.049498574,0.037862159,0.103422923,0.192206826,0.048849879,0.057548187,0.090767698,0.040704862,0.192778486,0.128421901,0.129068114,0.133029386,0.025835985,0.103246942,0.094095109,0.173270872,0.037000538,0.137483763,0.078836189,0.0996689,0.160661819,0.149740124,0.144572211,0.144255233,0.143355959,0.070834429,0.029706593,0.038506087,0.009261961,0.060870633,0.030048083,0.14862655,0.023341361,0.165615497,0.134806118,0.136757826,0.140188018,0.122735021,0.125610557,0.067932442,0.107123636,0.101165775,0.154374382,0.026736002,0.121949689,0.046816011,0.082471481,0.094018003,0.032444522,0.066370807,0.286611382,0.040167226,0.077015512,0.09958574,0.087384501,0.105701205
Dicks Sporting Good Park,0.128139951,0.13753226,0.154504265,0.11091184,0.151928453,0.129124249,0.127616242,0.120574985,0.138230505,0.167983212,0.063242238,0.145071053,0.107484758,0.103196747,0.151688045,0.089608523,0.093343012,0.160423653,0.087716798,0.159999977,0.08981993,0.096071327,0.075972004,0.131734761,0.203335525,0.172197431,0.097354971,0.104923454,0.100236106,0.050059647,0.146983412,0.100599869,0.098217171,0.213296138,0.161895536,0.147037872,0.227935185,0.086096049,0.175412288,0.193225828,0.102380201,0.068158694,0.109674126,0.253912534,0.132226566,0.134437294,0.149888019,0.121507316,0.176695068,0.069656188,0.151128272,0.224089091,0.123398558,0.107483057,0.134007426,0.061518048,0.038886268,0.040158977,0.171493156,0.140058422,0.235501523,0.177552879,0.103840752,0.137425252,0.105747337,0.076437073,0.085042083,0.080692574,0.139123549,0.074913458,0.130975517,0.132932469,0.17035949,0.117553412,0.162213277,0.148910069,0.083817857,0.072099337,0.057089638,0.154537702,0.064152614,0.069780034,0.096777803,0.156244022,0.035948651,0.111702476,0.12118527,0.186576587,0.17531143,0.159609758,0.180328457,0.150455914,0.116637154,0.144349758,0.093960277,0.137502483,0.269449348,0.121265193,0.16552081,0.159148806,0.106355425,0.102711583,0.138210133,0.153151739,0.147199796,0.15476997,0.053610283,0.121797606,0.150988023,0.146560324,0.122940698,0.130624471,0.150118227,0.159613256,0.103378969,0.101010065,0.122565939,0.069367981,0.120979431,0.078327628,0.146029427,0.231009183,0.051680436,0.219965078,0.183388385,0.182154767,0.202938155,0.063805916,0.118109761,0.163104082,0.163451588,0.128749863,0.191636828,0.10427548,0.119032664,0.115319654,0.161078859,0.120276693,0.211251077,0.139345374,0.124252996,0.029882025,0.116641455,0.08379671
Leprino Foods Company,0.040726192,0.036363743,0.108084813,0.036060886,0.052758013,0.098705588,0.057399405,0.018157325,0.020247634,0.047917388,0.078524733,0.113107058,0.105445403,0.024790669,0.066684819,0.044331274,0.063739863,0.089543919,0.072033284,0.037804837,0.108612152,0.092689181,0.102707427,0.084249201,0.101772466,0.054370713,0.049853062,0.0531244,0.05824333,0.077291302,0.035879602,0.038777602,0.024718383,0.115786883,0.162790797,0.146881255,0.139956847,0.129913193,0.072912513,0.088301449,0.218077252,0.178895583,0.046647612,0.156517318,0.246088785,0.075187094,0.032483316,0.018252359,0.171359951,0.053003835,0.134378985,0.122028624,0.115880496,0.12293412,0.13432186,0.116807237,0.096211429,0.153248424,0.066267198,0.257076279,0.136808997,0.063355175,0.077853387,0.070299161,0.041155418,0.060063277,0.081978115,0.090209145,0.120273205,0.189260834,0.023736079,0.010953976,0.083721332,0.005369646,0.06610164,0.087483157,0.063399009,0.081045933,0.171227028,0.18573436,0.181865357,0.058819901,0.070750465,0.124020986,0.138569131,0.063813591,0.139948997,0.078284931,0.179749026,0.172075372,0.097215577,0.264484072,0.087092879,0.096298343,0.047263962,0.105738928,0.164100935,0.006948288,0.056299309,0.04541902,0.113620423,0.032963641,0.055799334,0.039385642,0.171273039,0.03719387,0.096914678,0.038477018,0.030551307,0.024078398,0.010945464,0.009977285,0.02885765,0.100460182,0.133505517,0.141425695,0.126045511,0.119481825,0.105825066,0.195398274,0.15820265,0.123648588,0.169088134,0.12820791,0.072491763,0.083288727,0.111094162,0.098945845,0.029048462,0.07630893,0.041351762,0.112001069,0.097355959,0.152870224,0.054976503,0.041951554,0.149810213,0.071422733,0.333678776,0.171274797,0.062800722,0.115127246,0.049148776,0.042746342
Clearspring Pharmacy,0.037678209,0.050579253,0.049994669,0.033727226,0.055472623,0.031109529,0.024455662,0.052693719,0.067584878,0.088511011,0.046313698,0.047976409,0.037125588,0.049171076,0.046753038,0.037053613,0.017474076,0.050904363,0.021900761,0.097006588,0.046848633,0.028262875,0.048620056,0.023760288,0.09869264,0.087493153,0.02433404,0.017243688,0.014848231,0.062422764,0.063285399,0.033802817,0.066396395,0.106323313,0.093447442,0.077262153,0.118575088,0.070946484,0.074816917,0.091506592,0.180881307,0.141652246,0.023146156,0.145601084,0.20492573,0.024943362,0.099991571,0.08539381,0.103072439,0.06264478,0.066490799,0.118319566,0.046096847,0.055844851,0.064536423,0.069458381,0.070981005,0.122908763,0.073638984,0.218822071,0.128012085,0.086654646,0.010479899,0.028991401,0.029134206,0.037829511,0.027509666,0.035829372,0.051836874,0.153664845,0.054936098,0.072213526,0.062998915,0.069451605,0.060484043,0.039507987,0.027464478,0.038255135,0.138089885,0.11673821,0.150784188,0.048479141,0.01285493,0.060163171,0.105946751,0.006617599,0.071522371,0.088221464,0.110453308,0.102292899,0.071432225,0.222434489,0.017643126,0.037921346,0.0295523,0.03961318,0.163386208,0.063113296,0.072583322,0.072967391,0.046094947,0.039154471,0.036683523,0.107915691,0.101982979,0.075245574,0.059542138,0.034978462,0.095538464,0.084819254,0.079629364,0.078910237,0.079373925,0.051162068,0.068625007,0.078280581,0.05654909,0.067819685,0.036066231,0.161941851,0.088455345,0.127590762,0.139511379,0.111248019,0.087844427,0.078360838,0.094808877,0.053505127,0.041794151,0.056705415,0.091407854,0.042633038,0.084890501,0.090362359,0.018823753,0.028764967,0.081677393,0.010734282,0.305674473,0.102928169,0.017823208,0.086538232,0.0225638,0.047692776
CVS,0.121634718,0.133159466,0.067027926,0.121384162,0.130205718,0.060472554,0.104311007,0.140048844,0.153135628,0.168074874,0.105961946,0.052409383,0.055166123,0.136260033,0.113330541,0.120753206,0.097479751,0.096011347,0.09234151,0.181699926,0.064609654,0.07038781,0.078705451,0.077577126,0.148650065,0.164221227,0.110009814,0.104681629,0.10051017,0.124557193,0.144873603,0.120679367,0.152141802,0.14738299,0.011350221,0.011351262,0.141688968,0.065779548,0.138882712,0.149359,0.170525612,0.14080654,0.110797057,0.172696478,0.183783724,0.089055622,0.186887906,0.172935102,0.026527096,0.139476888,0.030785999,0.160817057,0.041728091,0.045006259,0.023304503,0.08949127,0.118540835,0.138748479,0.14173711,0.200594732,0.162355265,0.158910399,0.080571164,0.096388606,0.116707403,0.112846225,0.085213424,0.081958253,0.039905941,0.152064028,0.140664371,0.159174971,0.11625033,0.157112442,0.12724851,0.086253295,0.103133268,0.095554804,0.144747606,0.037255984,0.156843401,0.122672337,0.089349434,0.049098106,0.125515461,0.093647668,0.02986411,0.15207946,0.02523509,0.014844893,0.113738039,0.197358002,0.070390928,0.071968668,0.114364849,0.056210983,0.197636482,0.150709658,0.146046214,0.151352567,0.05017505,0.126338599,0.112785268,0.195024503,0.02335005,0.15675516,0.102128721,0.120921567,0.181882664,0.170746747,0.167304153,0.166408344,0.163595049,0.081827617,0.047934996,0.053203385,0.033531852,0.081682807,0.051621473,0.161612374,0.007546283,0.174540106,0.150933818,0.142429113,0.155262964,0.135732459,0.133822342,0.091304521,0.128998233,0.11556935,0.173839336,0.045823843,0.132532982,0.057016987,0.10360639,0.115842965,0.022416636,0.08707492,0.294691219,0.032564907,0.097250725,0.121123286,0.108922364,0.129786212
King Soopers 1,0.087153007,0.09777276,0.029492565,0.090031581,0.093193247,0.026939743,0.069521494,0.107475437,0.118609225,0.13126002,0.089775443,0.014602398,0.038560696,0.106750594,0.075869331,0.09428645,0.07181021,0.05818955,0.069709603,0.14631548,0.056841113,0.051727627,0.070113549,0.042004063,0.111585934,0.126975863,0.081999224,0.074925312,0.072322375,0.108925278,0.108896936,0.09156642,0.124212151,0.11147657,0.03912579,0.026664955,0.109316706,0.071341258,0.101018339,0.111670395,0.187863738,0.15319127,0.079708309,0.140353619,0.205581223,0.052922883,0.153031061,0.142163908,0.045917346,0.117461776,0.008941039,0.124996506,0.022833894,0.043617394,0.023114907,0.088107321,0.108813453,0.14408085,0.103967308,0.221670726,0.128081498,0.121257685,0.053960149,0.05991069,0.086453576,0.090624579,0.065993041,0.066829544,0.00703435,0.165265681,0.106499846,0.125717003,0.078446311,0.12592349,0.089543185,0.048492043,0.079862119,0.078864525,0.154235322,0.074363309,0.167120429,0.101392534,0.06377568,0.01425225,0.12841263,0.062635198,0.04311273,0.114213492,0.055428431,0.052167843,0.076626157,0.220879299,0.040459579,0.034334151,0.087038406,0.019954773,0.164145793,0.118542848,0.108614271,0.114526822,0.040671877,0.096756206,0.076599495,0.161368564,0.059437393,0.120545719,0.092739498,0.087480132,0.147532927,0.136205029,0.135891152,0.13374472,0.128215935,0.044270501,0.056036057,0.066067471,0.028619567,0.081651049,0.026206955,0.174673909,0.042445416,0.138283418,0.158738655,0.108201853,0.117413712,0.097957714,0.097841993,0.082233486,0.096436249,0.077709401,0.137672126,0.017905905,0.095395699,0.075401726,0.070498027,0.083535899,0.024375845,0.054053788,0.314411892,0.065860703,0.063065957,0.117223229,0.076309682,0.10451397
King Soopers 10,0.078359829,0.090963777,0.08298117,0.066208722,0.099604482,0.057177979,0.069365074,0.084142937,0.10245212,0.128380611,0.023164621,0.072445807,0.034851829,0.071687535,0.092427821,0.052180791,0.036606357,0.094104463,0.027347479,0.131111913,0.019861055,0.023850771,0.006923952,0.063223418,0.144318338,0.129102676,0.049011538,0.05119691,0.044658759,0.040424557,0.10331591,0.058924797,0.081178197,0.151438254,0.094273097,0.078062501,0.161413533,0.034066576,0.120232316,0.137133644,0.135218372,0.095968484,0.058684547,0.189732609,0.159674914,0.069192329,0.128950718,0.106508565,0.108123516,0.059792889,0.07904328,0.163712763,0.051102953,0.0395423,0.064100223,0.023889958,0.035578191,0.078276255,0.118553427,0.173294664,0.172776413,0.130116188,0.036564312,0.074372936,0.059625899,0.037467589,0.018446314,0.009937191,0.06645782,0.108002117,0.090837791,0.103079332,0.108315715,0.093741054,0.105924657,0.081402891,0.033313951,0.01573065,0.092704318,0.099910654,0.105522579,0.04382352,0.034174528,0.083460304,0.061346243,0.050652275,0.056768897,0.133415493,0.109674576,0.0960236,0.115654311,0.177386271,0.046306751,0.074020113,0.04987904,0.065148674,0.208544282,0.091379815,0.116239127,0.114474731,0.035291327,0.064285921,0.081610751,0.135580319,0.088099961,0.114430513,0.019334784,0.07345626,0.126453839,0.117469985,0.103287646,0.106444115,0.115345601,0.090132887,0.042910278,0.047717058,0.05241838,0.023759149,0.048186516,0.11636172,0.081264143,0.173249614,0.094652296,0.15523114,0.132488694,0.124048819,0.139438792,0.009197039,0.075731236,0.102297399,0.128693498,0.055976418,0.130217257,0.057968554,0.062007839,0.065887852,0.090324761,0.055532704,0.260105546,0.084032146,0.06337411,0.045042924,0.062925119,0.056628281
King Soopers 11,0.056945292,0.05470569,0.055853935,0.073919588,0.037715495,0.07202087,0.052835467,0.076383542,0.072254108,0.064589988,0.117904908,0.071365995,0.097810962,0.089545335,0.029118075,0.093886748,0.087485413,0.028003691,0.094516732,0.087716912,0.114773179,0.097386505,0.120383123,0.057599654,0.027273643,0.056664262,0.083668412,0.075589284,0.080230687,0.130923926,0.055892541,0.083527478,0.106367971,0.033187308,0.121644398,0.111864263,0.050629827,0.138080093,0.023256924,0.02681198,0.252946305,0.21415668,0.071699048,0.073557313,0.275692327,0.049351469,0.102045191,0.108007488,0.122303563,0.120709082,0.09209165,0.045333337,0.094379378,0.114935551,0.106559077,0.141765448,0.14285702,0.196065303,0.02992691,0.290258875,0.05514502,0.046230029,0.081853566,0.044168067,0.077144589,0.104325689,0.100589789,0.10847238,0.085311655,0.226278869,0.067138934,0.083230433,0.010174832,0.09443607,0.024363229,0.040564805,0.096674964,0.111102713,0.211086854,0.159668603,0.2238471,0.112663228,0.085753815,0.074068254,0.179101408,0.069490114,0.123643379,0.032290399,0.135473857,0.136441748,0.010876416,0.29268486,0.07495093,0.053920564,0.087844099,0.070658454,0.090230006,0.08501643,0.040107705,0.05172543,0.106370733,0.084089183,0.043177486,0.110040275,0.144741789,0.061652487,0.132585649,0.062994706,0.094875375,0.084802749,0.100516601,0.093066921,0.073461703,0.041050738,0.129597467,0.140437247,0.106241447,0.13904703,0.086364267,0.234749448,0.127757904,0.055956365,0.212659471,0.040386751,0.03794198,0.014613428,0.022809215,0.126568066,0.070929705,0.017418346,0.075204007,0.085526166,0.011839263,0.152010987,0.061426845,0.067454864,0.104317123,0.062905648,0.37847827,0.1506337,0.056536032,0.159376487,0.064392066,0.103085651
King Soopers 12,0.026352781,0.02579424,0.092865142,0.020347934,0.043111613,0.082856324,0.042094392,0.003932406,0.020807231,0.050338704,0.067583916,0.097390286,0.09007593,0.014590408,0.054219335,0.032476071,0.04918406,0.075951643,0.057895771,0.047729015,0.094290282,0.077768787,0.089430024,0.068575963,0.095109409,0.054602898,0.035348253,0.037638358,0.043088102,0.06971411,0.030673789,0.024654693,0.026480367,0.108272443,0.146938377,0.131054663,0.130698197,0.116306553,0.065625564,0.082421115,0.209595502,0.1700432,0.030906202,0.149677725,0.236934812,0.059851202,0.046663104,0.033052683,0.155525603,0.048684394,0.118547902,0.115952313,0.100142345,0.107856815,0.118566314,0.104985578,0.087746741,0.145460996,0.059730696,0.24860899,0.130018618,0.061146564,0.062390726,0.055396321,0.025856844,0.04878099,0.06793891,0.076513746,0.104419274,0.180864095,0.014601805,0.019617271,0.072535211,0.016783611,0.056379576,0.072771296,0.050192909,0.06854592,0.163132471,0.170325525,0.174336462,0.049995626,0.055749536,0.108431181,0.130031887,0.048002503,0.124644207,0.073454686,0.163893926,0.156307615,0.085872148,0.255228572,0.07127645,0.080910903,0.033637981,0.089948788,0.159611627,0.009064583,0.05112111,0.042419762,0.098424858,0.019238,0.042011621,0.054226834,0.15576667,0.037064362,0.086180223,0.023115854,0.043240036,0.033974733,0.02634467,0.024903478,0.033477228,0.085970631,0.118883701,0.127168616,0.110449043,0.10697249,0.090047788,0.187514835,0.142502795,0.119367191,0.161709771,0.119533018,0.068699592,0.075217318,0.102034487,0.086915468,0.013360381,0.064792234,0.047188251,0.096159693,0.088491563,0.138798756,0.039188408,0.026102326,0.133975997,0.055582864,0.327799499,0.156030933,0.047148568,0.106775682,0.033317219,0.034331542
King Soopers 13,0.132557692,0.144643972,0.133819706,0.118379917,0.154744339,0.10837267,0.124991846,0.134171833,0.152983506,0.180859021,0.065091155,0.120463602,0.081723619,0.118863846,0.148232008,0.100184202,0.090932135,0.148902198,0.082098818,0.179887961,0.062124643,0.077151011,0.053696585,0.117704873,0.200089664,0.182597096,0.101380496,0.105472662,0.099126536,0.067347784,0.156479625,0.109465867,0.122148423,0.206888051,0.121406898,0.10912743,0.215335256,0.045757397,0.175900668,0.192907741,0.079478974,0.040178982,0.112521604,0.244416182,0.104913622,0.124659716,0.174335883,0.148187804,0.136588666,0.09388382,0.118922931,0.219327295,0.094178797,0.07299227,0.098507547,0.032235786,0.048194013,0.028696927,0.173966022,0.1178497,0.227953907,0.184671378,0.092197234,0.130098831,0.111920703,0.083878299,0.074135234,0.065694248,0.110421709,0.05228535,0.142511924,0.151327728,0.163950681,0.138906501,0.161621459,0.135934645,0.084905575,0.066534254,0.038258408,0.105790484,0.05127484,0.084028534,0.089762194,0.129291628,0.017718962,0.106352021,0.081081313,0.188944634,0.132218436,0.115605432,0.170722346,0.122998745,0.100237756,0.126803157,0.100623996,0.11478639,0.263952689,0.139104912,0.171013966,0.168146868,0.076389523,0.113900633,0.137174874,0.179657106,0.101000206,0.166849016,0.046525613,0.127111748,0.173319886,0.165930574,0.147038544,0.152414571,0.165910133,0.143227078,0.063258215,0.056891536,0.088665074,0.036054895,0.09608965,0.060906176,0.103807907,0.229038679,0.042339344,0.209946543,0.187706729,0.179857969,0.194621698,0.048533832,0.127563229,0.158064256,0.179588989,0.102001884,0.185824718,0.056165416,0.117360845,0.119575563,0.125053895,0.111241121,0.20451519,0.091700808,0.119158592,0.032004867,0.117640032,0.100053692
King Soopers 14,0.232150058,0.244112764,0.227199682,0.21759394,0.254381753,0.203212863,0.224457902,0.232493406,0.251269815,0.279787505,0.163842718,0.212148386,0.176060196,0.21637116,0.247373971,0.198527091,0.190577485,0.24601092,0.181725141,0.27692954,0.157709165,0.174802118,0.152153646,0.21492799,0.298751596,0.281914494,0.20077678,0.205106543,0.198771565,0.161955103,0.255767196,0.208339457,0.216651552,0.30463491,0.19487445,0.188545382,0.31044292,0.135642557,0.275332662,0.292150344,0.021254454,0.060567304,0.212101518,0.340501808,0.011435535,0.222928448,0.269419485,0.241808665,0.208666031,0.187338665,0.204150592,0.317422207,0.184868184,0.162248263,0.182617398,0.13122659,0.143098182,0.0864219,0.273554968,0.018205215,0.325045993,0.284272808,0.190972463,0.2288101,0.211217106,0.182382507,0.173533024,0.164848975,0.199825769,0.050022628,0.241367024,0.248553213,0.26229593,0.234862646,0.261021242,0.232896705,0.184342321,0.166133308,0.068247739,0.161286277,0.059235042,0.180827158,0.189234043,0.218521749,0.1006961,0.205753223,0.162322324,0.288486056,0.198866553,0.182904596,0.267997424,0.027526363,0.197401617,0.222210681,0.199687582,0.208105262,0.361391476,0.236329844,0.270649747,0.267555728,0.168730837,0.212416022,0.236685329,0.273743347,0.165806902,0.265823024,0.145577306,0.226623438,0.269345475,0.263008493,0.241939108,0.24840643,0.264070977,0.238488901,0.148595332,0.138379344,0.175954666,0.133199768,0.189558388,0.045065451,0.17700561,0.32774972,0.071891277,0.306335804,0.287341351,0.278885557,0.291914239,0.148162276,0.22660233,0.256805515,0.277783713,0.193714488,0.284015743,0.12975102,0.216944722,0.219114716,0.204990112,0.210005442,0.110329121,0.154660235,0.218420275,0.124120265,0.217285451,0.196875082
King Soopers 2,0.02225797,0.035093702,0.061427906,0.016043165,0.04396182,0.047230748,0.017190686,0.034846455,0.050184967,0.073023269,0.049125156,0.062899853,0.054605596,0.032861419,0.041058628,0.026043854,0.019922963,0.053555596,0.02891705,0.079679446,0.061919077,0.043925131,0.060654932,0.035100581,0.092939739,0.073093526,0.013984152,0.005758659,0.011731749,0.060976015,0.047707688,0.018704135,0.05105429,0.102672778,0.110827089,0.094829376,0.118819713,0.085487928,0.0661092,0.083710131,0.190192512,0.150532168,0.005542567,0.143506271,0.215516004,0.029860566,0.082163313,0.068107849,0.119886244,0.053712318,0.08301378,0.113539047,0.06389357,0.073017603,0.082304456,0.079855419,0.073802113,0.129430172,0.063419392,0.228703548,0.124906813,0.073981054,0.026998931,0.029337576,0.012575916,0.034376727,0.038062597,0.047178244,0.068612959,0.1622328,0.03760618,0.05439503,0.059994694,0.051983873,0.05223619,0.045291312,0.027468826,0.044494382,0.145722113,0.134524302,0.158024203,0.043098545,0.022861114,0.07461523,0.11272834,0.011761218,0.089147925,0.078557892,0.127811372,0.12004122,0.070927838,0.233367266,0.035036971,0.048965205,0.018841269,0.054959349,0.158922599,0.045330694,0.060196008,0.058440097,0.06335341,0.023056843,0.027740526,0.090070076,0.119808578,0.059323771,0.065771622,0.018082175,0.07780146,0.067204727,0.062095804,0.061088365,0.062333837,0.058538613,0.085156636,0.094325132,0.074388125,0.079698701,0.053780991,0.170004913,0.106278608,0.121127151,0.146139335,0.109943979,0.076912508,0.071832688,0.092634896,0.062373991,0.023975062,0.052556292,0.074846131,0.059991495,0.081023288,0.10630236,0.008690723,0.011128203,0.098373116,0.020605773,0.313245553,0.120576208,0.016247893,0.09136088,0.006786549,0.036657926
King Soopers 3,0.097542755,0.109430693,0.107665565,0.08299948,0.120154476,0.081825402,0.091162711,0.098762236,0.117567401,0.145430537,0.029697323,0.096652995,0.058088685,0.083692275,0.114944188,0.064812022,0.056344822,0.118368776,0.04795835,0.144701592,0.0397532,0.048556611,0.026320165,0.087735679,0.167221045,0.14727884,0.06609782,0.070667836,0.064485523,0.035611265,0.121141739,0.074021375,0.088326542,0.175031872,0.112256426,0.097061467,0.185885621,0.039060201,0.141927472,0.159237687,0.114144956,0.074415033,0.077492141,0.213881573,0.140278933,0.093043122,0.13980246,0.114465595,0.126885333,0.061444035,0.10113192,0.187027314,0.073588486,0.057445102,0.083884606,0.014101317,0.019708329,0.054191043,0.139582791,0.152859176,0.196618457,0.149654291,0.0604783,0.097710047,0.076574502,0.048501213,0.041338317,0.034250305,0.089571509,0.086042862,0.107070609,0.116147947,0.131723031,0.104229178,0.127766389,0.105827749,0.049661659,0.031708724,0.069675839,0.109630302,0.08220168,0.049531699,0.05629166,0.107273169,0.037223457,0.072869363,0.072009748,0.154678884,0.126303239,0.111165969,0.139691519,0.158415728,0.071009541,0.098765174,0.06519517,0.089610416,0.232108111,0.103958079,0.136132509,0.132883001,0.056283691,0.078477785,0.103151816,0.1454776,0.100262391,0.131424355,0.011101319,0.091950653,0.138455898,0.130760479,0.112749584,0.117647694,0.130504057,0.114842196,0.054831171,0.054781364,0.072416388,0.02158172,0.07208555,0.093853083,0.097072705,0.195994347,0.070788406,0.179406673,0.153091186,0.146579922,0.163332254,0.015701899,0.092139664,0.125343871,0.1441725,0.079499109,0.153614558,0.061298767,0.083184281,0.084458491,0.110930441,0.079062662,0.237349819,0.09381088,0.0858785,0.020874174,0.082951621,0.065304573
King Soopers 4,0.007053795,0.011606586,0.074552656,0.015425379,0.026838396,0.067428493,0.024246461,0.015961967,0.025727332,0.048247563,0.069104301,0.080539174,0.079185705,0.027393699,0.035049912,0.036503456,0.043586516,0.056503446,0.052883226,0.054990061,0.087079101,0.069095323,0.085122374,0.051703886,0.079772253,0.049273915,0.031951247,0.02922448,0.035753087,0.07625256,0.023219946,0.025569544,0.044327334,0.091966719,0.131859017,0.116579552,0.112871406,0.110523454,0.050537397,0.06816491,0.212076087,0.17231877,0.021561582,0.133565705,0.238242351,0.041884718,0.059526367,0.051774353,0.139404199,0.060371412,0.10250771,0.100823847,0.086874641,0.097857575,0.104953765,0.103337869,0.092238654,0.149576213,0.045772717,0.250877956,0.114100495,0.05217186,0.051925027,0.036656786,0.02153469,0.051265887,0.062564016,0.071657898,0.088944601,0.183702518,0.01313887,0.032174587,0.053887182,0.035862512,0.039233083,0.0538097,0.0484235,0.066945576,0.166589356,0.158381323,0.178463815,0.056312865,0.047885374,0.090992808,0.133324499,0.035462003,0.113504385,0.060653873,0.148646478,0.142349787,0.067029779,0.256287147,0.057681791,0.062972547,0.033352279,0.073640931,0.145502,0.026868059,0.039493732,0.034844176,0.088128293,0.023704292,0.022559402,0.067815999,0.143449302,0.034362513,0.087142696,0.007128466,0.054348534,0.043256054,0.044614723,0.040679825,0.037321151,0.06683746,0.110266018,0.119503478,0.098034559,0.103883813,0.076560581,0.191025977,0.12914848,0.105908723,0.166178918,0.102189713,0.057316342,0.059015664,0.084553229,0.085423631,0.00882408,0.046027222,0.049664162,0.081710476,0.071327003,0.131485255,0.024060669,0.014386981,0.117917461,0.040462379,0.333279603,0.14486414,0.030542858,0.110837388,0.019498913,0.043316767
King Soopers 5,0.069101572,0.060679358,0.088507131,0.08642552,0.045312765,0.102306574,0.073066324,0.081156915,0.0695382,0.048917872,0.137381616,0.103649657,0.126539592,0.097605,0.050198894,0.107745804,0.107892136,0.059781039,0.116216938,0.07328576,0.141861216,0.123626667,0.145369343,0.086286865,0.01583696,0.039953566,0.10042611,0.094029472,0.099864102,0.147199631,0.054610551,0.096748923,0.111000311,0.030568529,0.154560747,0.144476026,0.05872053,0.165796946,0.02222835,0.006175507,0.277501194,0.238078638,0.088132116,0.067683688,0.301675766,0.076156293,0.090271744,0.104664916,0.155160032,0.131736488,0.124856443,0.03279718,0.12517533,0.14456709,0.138502828,0.166166205,0.161803728,0.217723834,0.025846165,0.315573888,0.048277857,0.028236202,0.106651601,0.069414001,0.091505328,0.121193821,0.12390899,0.132540411,0.117395797,0.249965146,0.070300645,0.07997574,0.039584608,0.094760947,0.03641604,0.071198356,0.115732699,0.132495206,0.233811686,0.192187685,0.246230733,0.127543219,0.10827333,0.106943114,0.200966869,0.091681285,0.154728659,0.011518129,0.168400091,0.169274854,0.043102467,0.319113804,0.102668645,0.085298919,0.10336823,0.102140947,0.074731288,0.086300327,0.03386028,0.044398741,0.135501162,0.095320649,0.060992012,0.097023889,0.177164954,0.053530454,0.153969625,0.075447746,0.083157553,0.075727551,0.097737485,0.088769201,0.064792689,0.073714841,0.159102885,0.169805581,0.137263676,0.164522955,0.116435135,0.257974497,0.16026727,0.034496085,0.234433827,0.045883009,0.017709933,0.020118598,0.034352679,0.149615149,0.080120785,0.042336202,0.060382395,0.116608719,0.025834277,0.181653762,0.080964364,0.082029599,0.137250757,0.087812301,0.401451827,0.182658354,0.078972337,0.179652875,0.081735077,0.114916474
King Soopers 6,0.09418219,0.089223691,0.08657488,0.111635478,0.07202831,0.107485775,0.09196458,0.110970536,0.102482269,0.084802878,0.157151142,0.10279104,0.134292406,0.125867907,0.06794214,0.132227095,0.126732845,0.063919615,0.133718396,0.109263252,0.152221454,0.135470659,0.158784143,0.095044198,0.021059077,0.075815831,0.122552882,0.114670629,0.119440307,0.169932853,0.086447267,0.121591585,0.141362444,0.006613346,0.146872385,0.140332891,0.023914387,0.17487634,0.049494614,0.035072206,0.29103008,0.252568689,0.110420226,0.035014267,0.313007909,0.087969401,0.126031935,0.138433898,0.14395613,0.158435967,0.120151186,0.011321189,0.128466756,0.150218708,0.137847241,0.180253028,0.182101988,0.235080875,0.056065489,0.327912947,0.015922528,0.063938903,0.120614133,0.083259839,0.115444937,0.143334396,0.139560675,0.147232472,0.116820622,0.264744179,0.100661003,0.113356673,0.049407173,0.126965383,0.059354999,0.077037019,0.135884881,0.150294686,0.249858881,0.187687561,0.262679585,0.151362197,0.12490747,0.101832367,0.218108172,0.108719499,0.156595885,0.046091422,0.158175629,0.162596514,0.041931879,0.329684488,0.11259182,0.08852128,0.126523438,0.104254189,0.051503328,0.117935446,0.06633732,0.07808024,0.142333799,0.121535207,0.081720848,0.132976138,0.173474428,0.087861259,0.171739712,0.100486345,0.118857238,0.110812247,0.13122331,0.122664609,0.099582276,0.072989408,0.164816668,0.175681979,0.139657229,0.177135481,0.121687713,0.273343663,0.156400341,0.025937002,0.251632448,0.012139309,0.053177634,0.039697023,0.018046883,0.165483038,0.107385958,0.056478438,0.096302648,0.119365471,0.027975455,0.186802677,0.100546467,0.105677993,0.129528655,0.101832356,0.416984173,0.180804729,0.095781472,0.19858936,0.103210897,0.140931905
King Soopers 7,0.113511179,0.124460137,0.054930894,0.115010333,0.120157052,0.05235045,0.09594029,0.133099634,0.145047717,0.158225466,0.105863019,0.041453112,0.05332318,0.130879097,0.102762215,0.116677608,0.093502925,0.084150497,0.089527429,0.173050327,0.066484845,0.068542807,0.080797195,0.068587129,0.135817358,0.153903523,0.105154788,0.09897584,0.095480903,0.124897227,0.135749054,0.115399223,0.147587393,0.134085617,0.012195552,0.008618941,0.127920149,0.072318149,0.127349484,0.137085738,0.181679634,0.150524076,0.104494057,0.158913413,0.196001819,0.079733018,0.179272815,0.167047183,0.02257312,0.137437147,0.018670032,0.147477219,0.037709129,0.04791111,0.021727078,0.094343564,0.12097513,0.146385407,0.130584997,0.212691707,0.148725358,0.147998908,0.075916068,0.086814642,0.110854613,0.11048464,0.083584296,0.081780692,0.030803645,0.162067944,0.132784251,0.151762609,0.104272059,0.150962773,0.116262775,0.075224173,0.10022615,0.095095558,0.153666066,0.05073704,0.16605732,0.120793715,0.085288619,0.03634353,0.132279611,0.087240402,0.036738819,0.140305911,0.028920688,0.026047156,0.101017077,0.209953665,0.064110152,0.061218608,0.109855046,0.046609003,0.183907047,0.144016262,0.135494798,0.141491996,0.05054552,0.120869852,0.103465832,0.187544123,0.037145929,0.147449767,0.104451402,0.113417859,0.173946662,0.162672244,0.161062824,0.159474156,0.154935485,0.069615245,0.054520548,0.061687049,0.033412897,0.086813944,0.04630697,0.171623159,0.020839899,0.161313987,0.159397485,0.128814105,0.143815397,0.123639634,0.120570578,0.093538027,0.122017824,0.104114937,0.164576092,0.039114403,0.119776906,0.067376336,0.096208895,0.108942949,0.008870329,0.079602781,0.306621039,0.046195553,0.08921308,0.125611633,0.101822583,0.126301492
King Soopers 8,0.08959288,0.10241127,0.062773721,0.083960521,0.105094215,0.039918195,0.074685186,0.103326097,0.119318738,0.140126771,0.058914556,0.047863148,0.015187983,0.095738717,0.092097112,0.078075888,0.05569048,0.084092003,0.048582184,0.148805075,0.017480437,0.026584312,0.031757903,0.054855854,0.139004629,0.138455738,0.069413208,0.066539196,0.060941148,0.077341259,0.115064995,0.080529468,0.109549235,0.142575831,0.057072385,0.041088746,0.146120899,0.029219013,0.120690876,0.13525796,0.146897147,0.111079409,0.073842561,0.176467484,0.166552946,0.065370023,0.150642466,0.132618925,0.071146685,0.093547718,0.045736478,0.155841453,0.020715731,0.003878174,0.027548048,0.04631092,0.071909898,0.101529828,0.121233266,0.1820776,0.161869537,0.136219443,0.042142733,0.072622378,0.078162333,0.067670609,0.039919032,0.035189362,0.036711439,0.123244014,0.106711643,0.123079086,0.102630907,0.117751683,0.106880754,0.071197859,0.059039389,0.048785368,0.111697268,0.067211487,0.124618924,0.076768482,0.048373771,0.055666066,0.086085682,0.058589189,0.021421826,0.134532384,0.072476076,0.059320177,0.105787426,0.182751413,0.039261709,0.058816414,0.072796278,0.043752644,0.198363239,0.112900267,0.122249876,0.124173484,0.005935629,0.086382653,0.085998,0.158231979,0.053625784,0.127087276,0.055393145,0.086869285,0.146698497,0.136290446,0.127913886,0.128778534,0.131300425,0.074658203,0.017960563,0.028721719,0.0160754,0.039373192,0.025649852,0.132564082,0.044457166,0.167587368,0.116118235,0.142654118,0.135622893,0.121249999,0.129324615,0.044485079,0.092875311,0.098814739,0.143370235,0.029310373,0.123265865,0.040512937,0.07062829,0.080268762,0.054577512,0.056502234,0.27368861,0.052249189,0.067232595,0.076892086,0.074489651,0.085845863
King Soopers 9,0.06147472,0.073928368,0.040336158,0.059173216,0.075246609,0.014489884,0.045420281,0.078093695,0.092370422,0.111081989,0.055146739,0.030572732,0.015286902,0.074046365,0.0619788,0.059601981,0.036577939,0.055706137,0.034013619,0.121585816,0.032781776,0.018865378,0.041795901,0.025161021,0.109829685,0.108917298,0.048056437,0.042364429,0.038417219,0.074053268,0.086380774,0.058487279,0.090468829,0.114454463,0.068530782,0.052092578,0.120933631,0.055425354,0.090605451,0.105433455,0.17178785,0.134018527,0.048594306,0.150375582,0.19341998,0.035272923,0.125300815,0.11062551,0.079066846,0.081812086,0.043609509,0.127474407,0.020653636,0.033752397,0.039108588,0.062835358,0.076351853,0.11964832,0.091112784,0.208347299,0.134643178,0.106249969,0.018812994,0.042497462,0.054389686,0.054931361,0.031157554,0.034125628,0.028925183,0.146268807,0.079732305,0.097515914,0.073247205,0.09480104,0.076758153,0.042590771,0.044203034,0.044438366,0.132587689,0.091726602,0.145591123,0.065690692,0.028401556,0.042433049,0.102968579,0.031651981,0.047301494,0.104442729,0.085522958,0.0768702,0.077684929,0.210193474,0.009364001,0.032347,0.052723127,0.022702192,0.171010956,0.08856149,0.092337362,0.094838353,0.024334153,0.064084016,0.056239222,0.133284803,0.076814622,0.098455621,0.06130495,0.05973217,0.120677326,0.109798847,0.104999101,0.104350789,0.103701956,0.048773346,0.048013999,0.058605625,0.031379796,0.058460051,0.010850362,0.155196862,0.063013125,0.138647465,0.135567749,0.116042666,0.105500094,0.091484339,0.101558644,0.051886621,0.067132666,0.068992261,0.115121745,0.018445342,0.09439802,0.070549269,0.042641179,0.054017351,0.058106168,0.027106697,0.298239904,0.078421139,0.037936256,0.087725052,0.047404676,0.069444847
Safeway 1,0.060788717,0.051245102,0.127171591,0.061902195,0.062766738,0.121878227,0.078425432,0.04254601,0.029598161,0.038110948,0.106772511,0.134640313,0.131693018,0.053061595,0.080253385,0.072600914,0.091134261,0.104266065,0.09973819,0.015811885,0.136220519,0.119706958,0.130835845,0.105966325,0.101343884,0.046950973,0.077267412,0.079327319,0.08499349,0.104539966,0.043257848,0.06638482,0.049792888,0.116268993,0.186310456,0.17096836,0.143064377,0.157943761,0.075977357,0.08733248,0.245144691,0.206238989,0.072190681,0.154322762,0.273481306,0.095580656,0.005105319,0.026878165,0.193676635,0.079133105,0.156860635,0.119486146,0.140833248,0.149705407,0.159091495,0.145104714,0.123684481,0.180085946,0.068779292,0.284075672,0.1350824,0.058599811,0.103970698,0.089432979,0.067763296,0.08836234,0.109754937,0.118170727,0.143393249,0.216338313,0.041439021,0.02284973,0.093357963,0.031849414,0.074415474,0.105351808,0.091490808,0.109311056,0.198180553,0.211766409,0.208442506,0.086728258,0.097685524,0.144597648,0.1658685,0.088693349,0.166281409,0.07629988,0.203091558,0.196643773,0.106400459,0.291909557,0.111660156,0.116327787,0.075152144,0.127985868,0.157319116,0.033432579,0.058015214,0.046009443,0.140202092,0.060700488,0.07309134,0.01357123,0.197040706,0.035958191,0.125097781,0.060936274,0.004316839,0.012956603,0.024611412,0.018413769,0.024106758,0.117240098,0.160853006,0.169093511,0.15159948,0.14776641,0.130579019,0.222158834,0.183225069,0.117716914,0.195613593,0.130495447,0.069283216,0.086827656,0.114850794,0.127248921,0.053269722,0.087154401,0.027034554,0.13605076,0.101440994,0.180669343,0.078250446,0.06632553,0.172241284,0.094814496,0.358666947,0.197704905,0.084984787,0.142438805,0.073016074,0.070760453
Safeway 2,0.095308447,0.108263972,0.082055031,0.085819244,0.114159862,0.05721983,0.083110718,0.1046774,0.122285765,0.146273559,0.047107285,0.068215863,0.030070289,0.093839058,0.103792733,0.07463398,0.055616759,0.099947467,0.046661816,0.151518753,0.012036192,0.030559345,0.01712645,0.06906386,0.153591279,0.145904877,0.069247315,0.069219206,0.062807026,0.063208094,0.120941315,0.07994983,0.104650697,0.158673986,0.07611134,0.061230851,0.164646105,0.012258263,0.13246565,0.148279674,0.127743725,0.090673433,0.076915391,0.194430296,0.149183999,0.077942497,0.150792004,0.129563498,0.090842379,0.083829674,0.06761546,0.171627471,0.041886303,0.021981287,0.048622787,0.024726591,0.053823101,0.079734599,0.131938969,0.164091927,0.178891966,0.145363976,0.048254487,0.084479092,0.079400762,0.060935073,0.036611615,0.028221023,0.058182584,0.102915978,0.110109923,0.124142852,0.116966991,0.11610694,0.118227123,0.086827716,0.05512624,0.039387277,0.090486636,0.076439182,0.103472901,0.067842466,0.050459128,0.076989801,0.064196123,0.064910192,0.035874794,0.146142887,0.090140701,0.075230659,0.121933364,0.166059854,0.051699843,0.076129659,0.071183266,0.062899697,0.215270451,0.112883513,0.131291202,0.131288848,0.024057687,0.085616641,0.095233204,0.157765899,0.065461115,0.132596339,0.037893009,0.091308864,0.147780916,0.138211835,0.125909215,0.128361155,0.134934623,0.092488795,0.01957108,0.023734941,0.037651534,0.017508503,0.044131443,0.112072213,0.060957348,0.182522015,0.09456193,0.160190677,0.146261258,0.134547083,0.145817437,0.027735396,0.095289241,0.112105928,0.147863112,0.049695473,0.138406219,0.034543147,0.07717766,0.083986859,0.075798506,0.066304399,0.254393743,0.060488419,0.076118831,0.056010285,0.079593888,0.080110203
The Mental Health Center of Denver Pharmacy,0.060353847,0.072996635,0.072106837,0.048713612,0.081680846,0.047413897,0.05172642,0.067170028,0.085152575,0.110540066,0.021235561,0.064386869,0.033063539,0.056126955,0.075207548,0.037146737,0.018707894,0.079041049,0.009410137,0.114135101,0.028450469,0.017810969,0.02290233,0.049218224,0.127400028,0.111124206,0.031734185,0.033221253,0.026671724,0.040189451,0.08540342,0.042231857,0.068011745,0.135172532,0.096370309,0.079590312,0.146758795,0.049435341,0.102634941,0.119726375,0.152751347,0.113293502,0.040765581,0.174270304,0.177557557,0.053388192,0.113022539,0.092233773,0.108911185,0.051641419,0.07593108,0.147149247,0.048937316,0.045646875,0.065383131,0.041771632,0.043808745,0.094058291,0.100747,0.191013338,0.156823952,0.11211054,0.021310411,0.057841842,0.04217165,0.025401379,0.002828839,0.009647259,0.061818541,0.12520543,0.073291727,0.08648614,0.091849132,0.07841617,0.088370194,0.066866885,0.017560568,0.01074092,0.109362831,0.109065634,0.122002794,0.034828814,0.016530588,0.076345864,0.077098215,0.033159152,0.063634171,0.115685266,0.112785548,0.100973488,0.100058314,0.195324482,0.034092932,0.061665466,0.03341452,0.056245841,0.192237038,0.075129343,0.098250613,0.096488321,0.038012949,0.047860301,0.063902905,0.120009399,0.095847705,0.096626167,0.030880986,0.055523754,0.110077427,0.100675208,0.088300116,0.090591241,0.097964448,0.077002492,0.053739986,0.060922946,0.05433838,0.041623506,0.042622173,0.133336626,0.086136194,0.156227694,0.110667621,0.139847539,0.114602484,0.106865837,0.123579124,0.024847293,0.058249914,0.085479843,0.111176997,0.050934744,0.113736943,0.072236509,0.0441422,0.04797189,0.089200539,0.039284206,0.277016266,0.093650264,0.046100244,0.058030239,0.044911148,0.043842583
Walgreens 1,0.015674849,0.020420798,0.080727238,0.009701005,0.036678218,0.070688272,0.029995911,0.010241172,0.026801283,0.05355534,0.062434489,0.085106982,0.079088347,0.017433759,0.0445322,0.028304594,0.039924582,0.064985117,0.049062396,0.056032447,0.084765266,0.067536957,0.081234733,0.056290377,0.089617772,0.055939943,0.026744175,0.026898844,0.032929549,0.067877653,0.029959545,0.017938118,0.03478122,0.101915994,0.134891345,0.119121595,0.122769931,0.107519367,0.0602878,0.077810453,0.205473839,0.165747924,0.019577985,0.143513007,0.232133779,0.047687896,0.057528262,0.045288906,0.143314969,0.050695753,0.106332586,0.11066034,0.088458844,0.097252421,0.106826363,0.098256337,0.084622095,0.142271728,0.055267075,0.244391745,0.124029706,0.06023526,0.051375331,0.043530982,0.01618963,0.043984672,0.059057909,0.067959655,0.092270528,0.176928859,0.015226262,0.029780887,0.063629862,0.028975553,0.0491971,0.060974083,0.042891404,0.06159919,0.159556475,0.159143824,0.17120137,0.047820558,0.045623096,0.096153318,0.126287052,0.036230233,0.113670847,0.06994368,0.151823749,0.144519936,0.076652048,0.250294798,0.059422619,0.068703026,0.026697223,0.077691084,0.155210623,0.021139238,0.048283206,0.04209779,0.08767918,0.014666865,0.031339574,0.065430719,0.14444905,0.039561394,0.08083955,0.011169592,0.053316323,0.043009098,0.03863019,0.036613062,0.039613052,0.074287262,0.108854478,0.117563623,0.099031072,0.099484143,0.078282718,0.184006449,0.130862466,0.115460707,0.158775936,0.112142913,0.066197643,0.068937078,0.094501666,0.080176891,0.001273371,0.055739348,0.052949651,0.084186541,0.081293414,0.129375308,0.026926745,0.013988555,0.121765579,0.043391491,0.325646725,0.145098924,0.034867167,0.103451273,0.021116231,0.033960605
Walgreens 2,0.041826975,0.031967171,0.107893272,0.045181488,0.044251823,0.103101842,0.059427925,0.026222746,0.010359912,0.029021802,0.094441316,0.115513872,0.114274666,0.040588338,0.061284605,0.059378432,0.075252944,0.085258309,0.084237841,0.020799283,0.120249078,0.103058904,0.116115331,0.086937827,0.087406335,0.036274151,0.061669738,0.062406936,0.06845478,0.095262535,0.024789744,0.051391857,0.044081923,0.102003498,0.167482414,0.152330576,0.12774443,0.142762515,0.060048203,0.07351536,0.235811746,0.196396644,0.054948446,0.141654552,0.263438421,0.076409107,0.024367801,0.030697183,0.174593543,0.071899632,0.13784683,0.106824137,0.122612609,0.132641065,0.140733828,0.131944307,0.113816375,0.17128943,0.052948853,0.274834773,0.122071022,0.046437155,0.086651035,0.070181319,0.051483094,0.075654729,0.094283018,0.103035734,0.12454062,0.2070252,0.02264958,0.00861419,0.075339874,0.024681603,0.056546846,0.08608151,0.077028355,0.095474101,0.189135298,0.193957604,0.200050919,0.076065159,0.081155078,0.125365058,0.156211696,0.070786126,0.148787293,0.062865385,0.184199788,0.178131139,0.088616583,0.281774491,0.093407677,0.097086542,0.060449697,0.108984828,0.147363073,0.020608811,0.042261569,0.03031438,0.123009465,0.046158065,0.05381263,0.032849699,0.179094678,0.020590389,0.113027123,0.04256337,0.0186088,0.007533777,0.024185008,0.014860872,0.009923435,0.098041821,0.144382879,0.153075051,0.133645995,0.13385985,0.112309947,0.213428464,0.164922485,0.107041855,0.187329405,0.115472839,0.056416821,0.070865063,0.099080218,0.113870625,0.035943398,0.068769602,0.022007292,0.117488521,0.085418314,0.164856408,0.059814703,0.048572604,0.153198004,0.076246733,0.352534055,0.180205965,0.066166916,0.132833809,0.054885361,0.060030908
Walgreens 3,0.033960565,0.046057736,0.069527801,0.021054048,0.056865269,0.051058803,0.030534842,0.039837764,0.057528042,0.083108912,0.035762993,0.068080255,0.05129397,0.031424064,0.054569041,0.016946459,0.009269591,0.065657367,0.018337081,0.086656999,0.054371697,0.038037857,0.050568537,0.04288989,0.106473611,0.08414803,0.004939861,0.007804141,0.005271438,0.047599771,0.058169853,0.016009448,0.047217018,0.116175268,0.111757464,0.09522011,0.131848051,0.076816073,0.079442184,0.097110488,0.17772576,0.137996966,0.013909572,0.156915528,0.203513071,0.040571898,0.08655591,0.068374052,0.122164964,0.043103356,0.085985867,0.127080397,0.063457441,0.068321136,0.081809485,0.068385244,0.060309857,0.116309493,0.076474153,0.216393014,0.138390339,0.086078726,0.024572171,0.04157993,0.01454979,0.021071475,0.028337216,0.037241571,0.071228302,0.149570428,0.04562423,0.059431534,0.073360297,0.053233779,0.065684817,0.056139261,0.014146403,0.032117969,0.132826392,0.131433772,0.145008508,0.03051849,0.016219791,0.08028004,0.099709702,0.017732209,0.085541358,0.091658474,0.128734251,0.119381154,0.083959929,0.221493894,0.037011608,0.057202167,0.009568703,0.059689884,0.172464103,0.048612249,0.072565331,0.069601931,0.059121942,0.021858718,0.041265309,0.093925127,0.117223465,0.069139869,0.052912565,0.028495479,0.08313057,0.073362883,0.063416024,0.064412393,0.070307264,0.068887878,0.078962831,0.087247715,0.072524645,0.069062733,0.054096783,0.157179963,0.105042097,0.13460747,0.13300887,0.123220181,0.089679667,0.085354646,0.105994821,0.050502719,0.030586378,0.066006262,0.083509548,0.061429827,0.09451741,0.098935429,0.021943403,0.020938588,0.100962187,0.028229279,0.300185218,0.116753459,0.028114995,0.078039253,0.019898872,0.027587573
Walgreens 4,0.014807456,0.02575826,0.053047132,0.024953045,0.028147481,0.046968548,0.00321168,0.036959079,0.046142914,0.062458252,0.067158695,0.059122051,0.062676847,0.043043106,0.022773678,0.042657284,0.037164689,0.038054682,0.045411733,0.07427308,0.074145447,0.055539762,0.075468229,0.030462845,0.074749053,0.060635258,0.031916635,0.024017078,0.029292098,0.079222695,0.037880823,0.03303211,0.061612145,0.084386892,0.111129829,0.096296841,0.101111774,0.098265407,0.048603129,0.06594958,0.206852122,0.167341569,0.020118908,0.125296173,0.2315285,0.020279619,0.08063649,0.072909295,0.118143002,0.070108591,0.081371192,0.095276671,0.067858137,0.081660306,0.085392229,0.09575137,0.091959776,0.147028857,0.046695301,0.245110688,0.106631811,0.059329657,0.037783274,0.015498234,0.026315642,0.052622273,0.053417164,0.06227933,0.068200938,0.179187518,0.034153541,0.053656621,0.041893493,0.056720311,0.034445448,0.032946823,0.045569068,0.061706883,0.163004731,0.139686748,0.17545226,0.060964288,0.037690368,0.069406043,0.130219231,0.021394788,0.095919288,0.061577313,0.127776657,0.122275447,0.053349197,0.249184319,0.039284188,0.041369424,0.036213656,0.052514141,0.140661568,0.048133309,0.045255436,0.046329563,0.071913616,0.035090715,0.009820545,0.08902139,0.124561383,0.049941675,0.083225869,0.016882845,0.075066671,0.063744639,0.065925722,0.062286158,0.056164661,0.046297811,0.095130519,0.105109693,0.079565948,0.094709981,0.057573258,0.187164498,0.109573362,0.103104976,0.163734118,0.091904945,0.060729332,0.053707986,0.074500011,0.078880215,0.026818392,0.034338065,0.066802665,0.061789192,0.062744015,0.117211097,0.010194521,0.017400055,0.096725667,0.021522965,0.330660199,0.126895588,0.010691937,0.109268544,0.0127347,0.052545271
Walgreens 5,0.057400994,0.04442379,0.111495315,0.068714372,0.044067922,0.11427529,0.072019564,0.053433393,0.03502303,0.006392595,0.121949149,0.122823474,0.131382995,0.070360918,0.061828499,0.087212291,0.098114055,0.083958706,0.107411812,0.02386834,0.141168175,0.122860137,0.139661441,0.096831157,0.065415311,0.011863775,0.085935543,0.083741074,0.090282359,0.125485499,0.031710722,0.077454129,0.076708209,0.080391461,0.176359884,0.162864768,0.108215464,0.164862159,0.045270891,0.051761529,0.264828665,0.225150948,0.076097674,0.116480342,0.291689681,0.085243548,0.04144933,0.061738171,0.180911875,0.103635982,0.145753086,0.081913919,0.13624751,0.1503484,0.153164248,0.157608089,0.143308707,0.201073493,0.038789513,0.303795682,0.097629433,0.023089803,0.105246955,0.077827949,0.075272405,0.103328354,0.117097803,0.12619583,0.134301026,0.236189121,0.044394742,0.041172169,0.067681309,0.05745666,0.050193972,0.089613897,0.102328473,0.121018994,0.218617082,0.207905698,0.229982044,0.105673954,0.102233229,0.130422446,0.185414204,0.088359818,0.164702321,0.040816616,0.192267601,0.188932771,0.078868886,0.309870447,0.108079955,0.10311233,0.086286495,0.11801122,0.118483642,0.052074626,0.03008019,0.022863113,0.140580011,0.073304147,0.061763388,0.047458169,0.192690933,0.020206018,0.140410882,0.061431164,0.034755706,0.030612162,0.056217191,0.046828982,0.023325531,0.098691133,0.163504787,0.173159892,0.148154195,0.158384306,0.126069323,0.243040524,0.177105392,0.079094074,0.217400616,0.095397487,0.033548636,0.055193022,0.081429102,0.139585828,0.059376387,0.063840202,0.012028661,0.129479209,0.069067019,0.185225414,0.076080636,0.068906847,0.160405443,0.090337599,0.383574095,0.195534341,0.07950735,0.162302956,0.073072627,0.090113296
Walgreens 6,0.065447674,0.075466381,0.099589821,0.048511254,0.089221972,0.076754745,0.065276745,0.060899608,0.079556488,0.108617245,0.013975804,0.094190953,0.064402605,0.044505537,0.089129587,0.027561202,0.033006801,0.09994852,0.030860479,0.105287829,0.055725049,0.049241005,0.043971628,0.074075832,0.140523888,0.111703871,0.034574821,0.042516437,0.038570658,0.012863149,0.08581967,0.038329273,0.047818214,0.15072321,0.127530784,0.110804715,0.166598425,0.070140278,0.112613745,0.130421803,0.150826421,0.111346631,0.046861629,0.191632326,0.17839695,0.074274187,0.099457404,0.073951807,0.14029691,0.022835748,0.107244061,0.161321846,0.080387462,0.074913465,0.096574982,0.051307305,0.028981498,0.086745881,0.108849919,0.189846498,0.172987211,0.115926525,0.048063811,0.076132103,0.043034908,0.013749936,0.034257943,0.036785789,0.092948926,0.12207685,0.070420168,0.076789115,0.108109034,0.063989186,0.099379334,0.089552198,0.022976387,0.023178589,0.104343624,0.136840424,0.115659658,0.009112138,0.038859538,0.106411117,0.071242189,0.050958315,0.092751447,0.123991383,0.143749004,0.131263784,0.118726546,0.19675004,0.062441376,0.087973385,0.031158256,0.085788793,0.206659694,0.064546614,0.103359549,0.097956169,0.068477051,0.041347841,0.075480468,0.104984446,0.124619726,0.0948412,0.029956624,0.05916044,0.09842124,0.091329794,0.072274133,0.077500608,0.092266162,0.101570867,0.079929206,0.084581881,0.085306507,0.055830189,0.073806697,0.128741381,0.116392818,0.168186151,0.103114313,0.158007396,0.121109375,0.119338717,0.140749811,0.035176161,0.056436004,0.100678229,0.105970907,0.082102246,0.129098006,0.094256101,0.056695227,0.052517852,0.120648474,0.060675283,0.269801697,0.121012202,0.062699151,0.047992926,0.053911933,0.025189454
Walgreens 7,0.034930669,0.027268441,0.07125795,0.052270753,0.011146465,0.077481886,0.040901305,0.04878325,0.041453222,0.035699631,0.103603261,0.083652494,0.098502036,0.064327088,0.022535093,0.073583061,0.074646703,0.043184649,0.083314529,0.057195681,0.111786795,0.093216221,0.113687986,0.06012723,0.042505803,0.029464951,0.066420626,0.060430492,0.066503393,0.113029996,0.025013795,0.062590443,0.079153593,0.055658394,0.137072415,0.124463219,0.079436523,0.135934959,0.013011753,0.030504132,0.244847833,0.205248134,0.054195687,0.096999959,0.269727419,0.048721143,0.070851461,0.077529356,0.140767972,0.098003606,0.106429033,0.063471093,0.100313069,0.117266109,0.115980965,0.133931784,0.127835786,0.184167814,0.008607647,0.283216643,0.077342255,0.023188825,0.07563282,0.041226769,0.057340762,0.087098836,0.091612931,0.100503899,0.096026926,0.217002907,0.038401446,0.052488853,0.027687649,0.064986858,0.009377954,0.04985733,0.082015202,0.099278052,0.200537047,0.170825157,0.2128178,0.093371668,0.075881446,0.090334357,0.167516436,0.05960192,0.129687375,0.023791895,0.15256965,0.150350614,0.040236018,0.287405681,0.074338264,0.063912269,0.069227116,0.079790088,0.107873223,0.055807736,0.010769182,0.020830553,0.107730908,0.061335025,0.028632531,0.078943106,0.155573408,0.0305017,0.120583434,0.04127222,0.063723478,0.053506264,0.070112481,0.062223052,0.042199397,0.058015126,0.131354871,0.141713498,0.112494266,0.132929977,0.090603509,0.22481649,0.139369302,0.068276567,0.200871051,0.067638058,0.022531482,0.022763452,0.050577531,0.11687559,0.046324655,0.02305171,0.045221729,0.092641813,0.036827251,0.153773246,0.048072642,0.047920397,0.120664602,0.057683975,0.368026157,0.159516599,0.047664909,0.145870744,0.048101027,0.080962787
Walgreens 8,0.080740424,0.09328143,0.085779991,0.068275082,0.102160123,0.059959509,0.072026724,0.085997842,0.104402517,0.130580361,0.023148044,0.075101371,0.037229662,0.073184052,0.095177553,0.053645835,0.038921019,0.096986468,0.029718006,0.132926653,0.021288612,0.026654407,0.007304058,0.066109812,0.147114547,0.131425954,0.051041546,0.053546612,0.047028564,0.039545123,0.105576923,0.060749645,0.082123213,0.154286773,0.0958369,0.079754971,0.164299894,0.033287169,0.122914794,0.139859373,0.132495739,0.09319735,0.060976031,0.192612477,0.157085243,0.072048544,0.130449423,0.107629045,0.109828835,0.05994138,0.081269191,0.166542733,0.053359726,0.04086607,0.06588836,0.021287018,0.033481686,0.075390831,0.121169704,0.17062936,0.175641235,0.132585176,0.039412058,0.077189754,0.061688362,0.038550914,0.021105999,0.012785275,0.068867653,0.105212696,0.092897782,0.104792775,0.111146483,0.095128735,0.108615609,0.08428882,0.035103318,0.016951199,0.089853948,0.100311046,0.102662272,0.044291418,0.036805173,0.08602904,0.058459931,0.053335933,0.057779341,0.136060829,0.111059094,0.097164912,0.118527205,0.174836891,0.049182322,0.076879137,0.051680472,0.067870073,0.211393611,0.09300987,0.118737101,0.116811661,0.037174967,0.066021729,0.084256557,0.136978183,0.088796442,0.116610764,0.017056522,0.075747433,0.128081422,0.119233051,0.104577842,0.107945892,0.117319624,0.093005002,0.043282283,0.047458156,0.054203364,0.021745192,0.050750734,0.113543561,0.082466089,0.176036438,0.091772028,0.158111473,0.13506823,0.126809819,0.142305138,0.006507441,0.077778832,0.105097833,0.130718876,0.058461748,0.133050195,0.057344411,0.064590877,0.068170627,0.092304699,0.058357987,0.257288221,0.084389303,0.066104642,0.042307058,0.065375542,0.057619463
Walgreens 9,0.05988941,0.072701086,0.048162748,0.055251253,0.075968365,0.022550295,0.045208865,0.074520231,0.089892298,0.110454332,0.046699539,0.039020122,0.014786804,0.068838813,0.064322745,0.053192547,0.029917182,0.060965667,0.026174317,0.119335075,0.027737172,0.01116615,0.034722145,0.029769526,0.113940205,0.108966725,0.042436867,0.037937222,0.033103657,0.065641561,0.085359479,0.053277362,0.08449674,0.119444811,0.074699648,0.058002635,0.12733537,0.051513013,0.093054206,0.108627824,0.166220197,0.127970451,0.044846555,0.156332469,0.188610096,0.038244136,0.121914223,0.105713806,0.085970901,0.074191722,0.051303825,0.132239194,0.026183074,0.033571334,0.04436181,0.056101878,0.068011287,0.112572233,0.092920766,0.203236811,0.140104142,0.107216423,0.013203735,0.044890333,0.049903623,0.04721543,0.022708169,0.025955654,0.036810581,0.140193429,0.077251132,0.094190154,0.077331116,0.090208583,0.078915345,0.047913889,0.036671465,0.035980653,0.126021358,0.094781713,0.138990585,0.057853461,0.021733037,0.050885998,0.09577425,0.028947249,0.049284624,0.106811102,0.091592543,0.081866238,0.082906208,0.205645249,0.012220785,0.039229613,0.046714268,0.031063197,0.176311174,0.084568715,0.093172184,0.094598292,0.023801409,0.059033697,0.056845554,0.129708646,0.080225586,0.097377625,0.053168589,0.05731562,0.117659974,0.107048727,0.100430523,0.100454659,0.101714085,0.055500791,0.046796325,0.056864064,0.035097149,0.05238079,0.017856474,0.148980382,0.067550858,0.142897835,0.128675432,0.121880207,0.107309483,0.094858672,0.106842297,0.044053978,0.063803561,0.072406634,0.113680197,0.026041776,0.098892162,0.068959764,0.040919024,0.050943124,0.065377186,0.02732963,0.292363442,0.080713418,0.03783031,0.079813638,0.044904028,0.062608806
Walmart Neighborhood Market#3128,0.11345527,0.126221696,0.078980598,0.107869718,0.128222314,0.060070529,0.098204703,0.12723363,0.143292568,0.163800828,0.07787413,0.0628612,0.038854198,0.119159324,0.11435031,0.101010848,0.07918183,0.103771875,0.071545338,0.1727777,0.036227407,0.050141888,0.048074344,0.076560499,0.158967749,0.161868322,0.093013493,0.090458989,0.084765118,0.094820539,0.138838976,0.104127286,0.132233018,0.161141844,0.048649023,0.03732253,0.161579249,0.029059131,0.142622924,0.156366163,0.136868463,0.104775694,0.097799341,0.192481097,0.153190843,0.087646998,0.174503025,0.155902217,0.063831012,0.114062699,0.051636031,0.174597637,0.037381502,0.020097655,0.030151724,0.053881831,0.085434169,0.101451827,0.14365917,0.169478363,0.179236516,0.159154979,0.06611698,0.095082413,0.101999862,0.089360161,0.06223837,0.055903677,0.049192129,0.116388885,0.130683338,0.146990509,0.123197555,0.141298547,0.129138556,0.091399508,0.081620049,0.068897569,0.107966816,0.045212275,0.120299257,0.097567007,0.072121131,0.066950301,0.08828722,0.082510655,0.009791612,0.156445703,0.060414657,0.044500451,0.124775747,0.168250098,0.062326116,0.077881377,0.096143035,0.061382759,0.21560668,0.136689428,0.145286414,0.147706625,0.029803942,0.10997744,0.109219566,0.182031629,0.033633267,0.150883753,0.069699233,0.110826106,0.17063056,0.160254947,0.151416643,0.152545682,0.155253188,0.092511003,0.012292257,0.016002555,0.025764293,0.045959491,0.046021028,0.125938701,0.031332386,0.187038087,0.113886685,0.159568824,0.157986969,0.142306234,0.147625289,0.059523557,0.116830138,0.120131337,0.167254759,0.04631304,0.142932014,0.022842338,0.094474281,0.10424299,0.053811014,0.079916306,0.26278239,0.029486183,0.090722475,0.085383541,0.098436119,0.108103523
Walmart Supercenter#5676,0.059001494,0.056802243,0.056069452,0.075941588,0.039802607,0.072870776,0.054669597,0.078480594,0.074297031,0.066264524,0.119634106,0.071728525,0.098844467,0.091618313,0.031065573,0.095850687,0.089212467,0.028713647,0.096160478,0.089513392,0.115970785,0.098691218,0.121764314,0.05873722,0.026495554,0.058249501,0.085558447,0.077431336,0.082010207,0.132775311,0.057923341,0.085520449,0.108460065,0.03160107,0.12158112,0.112048223,0.048554703,0.139187815,0.024834408,0.027118122,0.254285792,0.215556381,0.073623305,0.071712204,0.276908375,0.05074595,0.103947418,0.110074205,0.1219803,0.122715672,0.092195375,0.043970416,0.095095469,0.115823054,0.106994496,0.143171342,0.144588429,0.197621579,0.031626725,0.2915286,0.053426349,0.047657724,0.083312345,0.045736395,0.079118985,0.106181606,0.10212141,0.109939291,0.085725114,0.227690991,0.069231941,0.085279878,0.011876703,0.09652636,0.026441924,0.041469448,0.098451282,0.112739532,0.212570189,0.15987798,0.22534757,0.114577701,0.087364629,0.074084832,0.18065368,0.071161218,0.124272189,0.033232261,0.135247298,0.136474131,0.010036993,0.29385697,0.076151458,0.054595377,0.089768269,0.07126368,0.088695142,0.087108357,0.041917281,0.05360343,0.107339212,0.086122296,0.04514866,0.111917858,0.144995704,0.063557865,0.134199416,0.06503525,0.09676852,0.086746339,0.102585276,0.095111668,0.075390719,0.041295609,0.13048941,0.141339943,0.106898634,0.140369085,0.087221836,0.236190803,0.127982703,0.054934497,0.214201803,0.038397545,0.03910982,0.015662912,0.020867105,0.128084719,0.073004934,0.019334868,0.076953124,0.086196872,0.010625564,0.152866781,0.063260425,0.069441618,0.104216381,0.064410494,0.379906819,0.151019868,0.058237701,0.16103025,0.066303298,0.105088513
